season,playerId,playerName,N,ApproachBAttributedValue,rawAbilityRate,validatedDRBL100,R1Points,R1WinEquivalents,r1PointsPerWin
2022-23,1628374,Lauri Markkanen,9387,251.04985670284873,2.6744,2.28,251.04985670284873,6.696330200954921,37.490662671779255
2022-23,202710,Jimmy Butler,8546,226.53247516321468,2.6507,2.23,226.53247516321468,6.042370526934827,37.490662671779255
2022-23,201939,Stephen Curry,8449,204.2757378898483,2.4178,2.03,204.2757378898483,5.448709714155438,37.490662671779255
2022-23,1628378,Donovan Mitchell,9773,227.62068336273452,2.3291,2,227.62068336273452,6.071396639624454,37.490662671779255
2022-23,203954,Joel Embiid,9203,212.48532103905043,2.3089,1.97,212.48532103905043,5.667686455673048,37.490662671779255
2022-23,203999,Nikola Jokic,9718,215.75698390924543,2.2202,1.91,215.75698390924543,5.7549525277304445,37.490662671779255
2022-23,1628983,Shai Gilgeous-Alexander,10257,217.9429483284225,2.1248,1.84,217.9429483284225,5.813259430393504,37.490662671779255
2022-23,203076,Anthony Davis,7970,167.1832996495179,2.0977,1.75,167.1832996495179,4.459331677147536,37.490662671779255
2022-23,1628991,Jaren Jackson Jr.,7616,146.48158232970118,1.9233,1.59,146.48158232970118,3.907148390843564,37.490662671779255
2022-23,1629661,Cameron Johnson,4851,101.20758318863051,2.0863,1.57,101.20758318863051,2.6995410583876813,37.490662671779255
2022-23,201142,Kevin Durant,6753,131.01826109710558,1.9401,1.57,131.01826109710558,3.494690457838409,37.490662671779255
2022-23,1629627,Zion Williamson,4037,87.84011756021995,2.1759,1.56,87.84011756021995,2.3429865278519277,37.490662671779255
2022-23,203081,Damian Lillard,8724,153.1149630698269,1.7551,1.48,153.1149630698269,4.084082599721097,37.490662671779255
2022-23,1630530,Trey Murphy III,10230,167.195157773211,1.6344,1.41,167.195157773211,4.459647972535454,37.490662671779255
2022-23,1628418,Thomas Bryant,4525,86.09436423641756,1.9026,1.41,86.09436423641756,2.2964215114080737,37.490662671779255
2022-23,202695,Kawhi Leonard,7157,118.83803757458638,1.6604,1.36,118.83803757458638,3.169803601899003,37.490662671779255
2022-23,1631117,Walker Kessler,7178,117.95981794714646,1.6434,1.34,117.95981794714646,3.146378579110569,37.490662671779255
2022-23,1631109,Mark Williams,3504,67.75569881132682,1.9337,1.33,67.75569881132682,1.8072686365805235,37.490662671779255
2022-23,201572,Brook Lopez,9915,142.41638095327073,1.4364,1.24,142.41638095327073,3.7987160216421922,37.490662671779255
2022-23,1630217,Desmond Bane,7829,110.34043113882069,1.4094,1.17,110.34043113882069,2.9431443264906174,37.490662671779255
2022-23,203991,Clint Capela,7357,104.41382193042632,1.4192,1.17,104.41382193042632,2.7850620525046854,37.490662671779255
2022-23,1629057,Robert Williams III,3372,57.77000053009631,1.7132,1.16,57.77000053009631,1.5409170287507918,37.490662671779255
2022-23,202681,Kyrie Irving,9133,123.37031727099294,1.3508,1.15,123.37031727099294,3.290694495081806,37.490662671779255
2022-23,1630198,Isaiah Joe,5843,85.29994070839466,1.4599,1.15,85.29994070839466,2.275231607805199,37.490662671779255
2022-23,1626246,Boban Marjanovic,683,26.12448727304419,3.825,1.14,26.12448727304419,0.6968265005544741,37.490662671779255
2022-23,1629018,Gary Trent Jr.,8636,115.79796957868261,1.3409,1.13,115.79796957868261,3.0887149313007063,37.490662671779255
2022-23,1626162,Kelly Oubre Jr.,6432,90.26416475714494,1.4034,1.12,90.26416475714494,2.4076438858225475,37.490662671779255
2022-23,1629029,Luka Doncic,9624,125.96093331663053,1.3088,1.12,125.96093331663053,3.35979479529036,37.490662671779255
2022-23,204001,Kristaps Porzingis,8753,112.24682211209235,1.2824,1.08,112.24682211209235,2.9939940804670035,37.490662671779255
2022-23,1628379,Luke Kennard,5429,75.9909466856852,1.3997,1.08,75.9909466856852,2.026929941222049,37.490662671779255
2022-23,1630193,Immanuel Quickley,9402,117.27238073540391,1.2473,1.07,117.27238073540391,3.128042354494833,37.490662671779255
2022-23,1629651,Nic Claxton,9291,114.88340470270144,1.2365,1.05,114.88340470270144,3.0643204604963903,37.490662671779255
2022-23,1629008,Michael Porter Jr.,7512,95.3984361109039,1.2699,1.05,95.3984361109039,2.5445918880146703,37.490662671779255
2022-23,1630169,Tyrese Haliburton,7946,99.84920482249204,1.2566,1.05,99.84920482249204,2.663308613577871,37.490662671779255
2022-23,1629634,Brandon Clarke,4665,63.13592327221413,1.3534,1.01,63.13592327221413,1.6840439398191567,37.490662671779255
2022-23,1630559,Austin Reaves,7804,94.7555151865004,1.2142,1.01,94.7555151865004,2.527443060050969,37.490662671779255
2022-23,1629021,Moritz Wagner,4649,62.71347046870631,1.349,1,62.71347046870631,1.672775725991989,37.490662671779255
2022-23,1628369,Jayson Tatum,11219,128.4263985836983,1.1447,1,128.4263985836983,3.425556910210874,37.490662671779255
2022-23,1627763,Malcolm Brogdon,7187,87.28436658619061,1.2145,0.99,87.28436658619061,2.32816281084018,37.490662671779255
2022-23,1628966,Keita Bates-Diop,6116,75.16924663079912,1.2291,0.97,75.16924663079912,2.005012482411576,37.490662671779255
2022-23,203932,Aaron Gordon,8551,98.57754449507125,1.1528,0.97,98.57754449507125,2.6293892257411224,37.490662671779255
2022-23,2544,LeBron James,8323,91.6922550392387,1.1017,0.92,91.6922550392387,2.4457357780517226,37.490662671779255
2022-23,1629650,Moses Brown,1240,25.23262223458593,2.0349,0.89,25.23262223458593,0.6730375095124566,37.490662671779255
2022-23,1631106,Tari Eason,7361,79.31517082544343,1.0775,0.89,79.31517082544343,2.115597996221795,37.490662671779255
2022-23,1628386,Jarrett Allen,8843,92.14130676703195,1.042,0.88,92.14130676703195,2.4577134731840964,37.490662671779255
2022-23,1629750,Javonte Green,2030,31.937354562872798,1.5733,0.88,31.937354562872798,0.8518749012914446,37.490662671779255
2022-23,1627739,Kris Dunn,2473,35.44611162062072,1.4333,0.87,35.44611162062072,0.9454650596854466,37.490662671779255
2022-23,203507,Giannis Antetokounmpo,8647,89.13944586082206,1.0309,0.87,89.13944586082206,2.3776439120645616,37.490662671779255
2022-23,1628384,O.G. Anunoby,9647,97.64872290668555,1.0122,0.87,97.64872290668555,2.604614481252947,37.490662671779255
2022-23,1628977,Hamidou Diallo,4199,50.29527598832283,1.1978,0.87,50.29527598832283,1.3415413973512431,37.490662671779255
2022-23,1630573,Sam Hauser,5300,59.21688197491618,1.1173,0.86,59.21688197491618,1.579510143454763,37.490662671779255
2022-23,202711,Bojan Bogdanovic,7992,81.82490873532973,1.0238,0.85,81.82490873532973,2.182541008988957,37.490662671779255
2022-23,1630208,Nick Richards,5055,56.01236821978378,1.1081,0.84,56.01236821978378,1.4940351604386701,37.490662671779255
2022-23,1630184,Kira Lewis Jr.,963,21.497102510779154,2.2323,0.84,21.497102510779154,0.5733988406388159,37.490662671779255
2022-23,1626164,Devin Booker,7565,76.81411422831829,1.0154,0.84,76.81411422831829,2.0488865427854757,37.490662671779255
2022-23,1626167,Myles Turner,7587,75.80097956760258,0.9991,0.83,75.80097956760258,2.021862889733903,37.490662671779255
2022-23,1629655,Daniel Gafford,6588,66.71094871979116,1.0126,0.81,66.71094871979116,1.7794016953988707,37.490662671779255
2022-23,1630180,Saddiq Bey,8941,84.56530012749573,0.9458,0.8,84.56530012749573,2.25563631317596,37.490662671779255
2022-23,203497,Rudy Gobert,8885,82.9518245464774,0.9336,0.79,82.9518245464774,2.21259958173315,37.490662671779255
2022-23,1631288,Jamal Cain,1040,20.873675786640618,2.0071,0.79,20.873675786640618,0.5567699874868598,37.490662671779255
2022-23,1626153,Delon Wright,4936,51.035891473633754,1.034,0.78,51.035891473633754,1.3612960624473183,37.490662671779255
2022-23,1630322,Lindy Waters III,2213,29.770408805093847,1.3453,0.78,29.770408805093847,0.7940752892453737,37.490662671779255
2022-23,1629048,Goga Bitadze,1895,26.798614364139695,1.4142,0.77,26.798614364139695,0.7148077002200364,37.490662671779255
2022-23,202692,Alec Burks,4745,48.539974445896426,1.023,0.77,48.539974445896426,1.2947216983292866,37.490662671779255
2022-23,203585,Rodney McGruder,2160,28.727968153476258,1.33,0.76,28.727968153476258,0.7662699484664208,37.490662671779255
2022-23,1627884,Derrick Jones Jr.,3741,40.76096155133778,1.0896,0.76,40.76096155133778,1.0872296899147693,37.490662671779255
2022-23,203488,Mike Muscala,4018,42.79239522549726,1.065,0.76,42.79239522549726,1.1414147463898747,37.490662671779255
2022-23,1628368,De'Aaron Fox,10171,88.70317809543104,0.8721,0.75,88.70317809543104,2.3660072075013368,37.490662671779255
2022-23,203496,Robert Covington,3183,35.801129952737924,1.1248,0.75,35.801129952737924,0.9549345730740281,37.490662671779255
2022-23,1629726,Garrison Mathews,2865,33.196526488483514,1.1587,0.74,33.196526488483514,0.8854611821378097,37.490662671779255
2022-23,1630168,Onyeka Okongwu,7749,69.45113555465268,0.8963,0.74,69.45113555465268,1.8524915433658464,37.490662671779255
2022-23,1626204,Larry Nance Jr.,5613,53.01378665824777,0.9445,0.73,53.01378665824777,1.4140530702903098,37.490662671779255
2022-23,1626172,Kevon Looney,8211,70.94888615696892,0.8641,0.72,70.94888615696892,1.8924415067855025,37.490662671779255
2022-23,1627741,Buddy Hield,10385,86.53108673384726,0.8332,0.72,86.53108673384726,2.3080703451791136,37.490662671779255
2022-23,1630178,Tyrese Maxey,8038,69.36209453884057,0.8629,0.72,69.36209453884057,1.850116524908807,37.490662671779255
2022-23,1630532,Franz Wagner,10924,89.90237967830667,0.823,0.72,89.90237967830667,2.397993880913176,37.490662671779255
2022-23,203897,Zach LaVine,11338,90.06759524529153,0.7944,0.7,90.06759524529153,2.4024007266505074,37.490662671779255
2022-23,1629004,Svi Mykhailiuk,1976,24.85890710138654,1.258,0.7,24.85890710138654,0.663069290586289,37.490662671779255
2022-23,201942,DeMar DeRozan,11018,87.69487240164375,0.7959,0.69,87.69487240164375,2.339112358972925,37.490662671779255
2022-23,1628969,Mikal Bridges,12006,93.41846722046384,0.7781,0.69,93.41846722046384,2.491779567577068,37.490662671779255
2022-23,1629680,Matisse Thybulle,4919,44.346763252821866,0.9015,0.68,44.346763252821866,1.1828748838361685,37.490662671779255
2022-23,1628973,Jalen Brunson,9613,75.5450526122647,0.7859,0.67,75.5450526122647,2.0150364711779427,37.490662671779255
2022-23,203083,Andre Drummond,3530,33.54233545028652,0.9502,0.65,33.54233545028652,0.894685051153689,37.490662671779255
2022-23,1626181,Norman Powell,6504,52.874219344409745,0.8129,0.65,52.874219344409745,1.4103303483139102,37.490662671779255
2022-23,1628989,Kevin Huerter,9134,69.76457240015806,0.7638,0.65,69.76457240015806,1.8608519409466904,37.490662671779255
2022-23,203084,Harrison Barnes,11082,79.54603776572377,0.7178,0.63,79.54603776572377,2.121755981272673,37.490662671779255
2022-23,1630231,Kenyon Martin Jr.,9580,69.5652623106483,0.7262,0.62,69.5652623106483,1.8555356815021808,37.490662671779255
2022-23,1629002,Chimezie Metu,2966,27.65506717559275,0.9324,0.61,27.65506717559275,0.7376521300171588,37.490662671779255
2022-23,1629714,Jarrell Brantley,148,10.55003874692071,7.1284,0.6,10.55003874692071,0.2814044349998154,37.490662671779255
2022-23,203939,Dwight Powell,5940,45.12455299742933,0.7597,0.6,45.12455299742933,1.203621109407501,37.490662671779255
2022-23,1628401,Derrick White,9572,66.44524818188499,0.6942,0.59,66.44524818188499,1.7723145830628657,37.490662671779255
2022-23,1630557,Corey Kispert,8445,59.57977688161216,0.7055,0.59,59.57977688161216,1.5891897511446305,37.490662671779255
2022-23,1630194,Paul Reed,3002,27.18223615227124,0.9055,0.59,27.18223615227124,0.7250401624064227,37.490662671779255
2022-23,202722,Davis Bertans,2005,20.22405135605823,1.0087,0.56,20.22405135605823,0.5394423548368403,37.490662671779255
2022-23,203914,Gary Harris,4875,36.118026286073984,0.7409,0.56,36.118026286073984,0.9633872466399878,37.490662671779255
2022-23,1629011,Mitchell Robinson,6368,43.99170725331683,0.6908,0.55,43.99170725331683,1.1734043657337425,37.490662671779255
2022-23,1630527,Brandon Boston Jr.,1031,14.473463459428007,1.4038,0.55,14.473463459428007,0.3860551515490488,37.490662671779255
2022-23,1631100,AJ Griffin,5852,40.989485903868484,0.7004,0.55,40.989485903868484,1.0933251904006203,37.490662671779255
2022-23,1628449,Chris Boucher,6192,42.73478647116157,0.6902,0.55,42.73478647116157,1.1398781303305632,37.490662671779255
2022-23,1629636,Darius Garland,9769,62.075834601144535,0.6354,0.55,62.075834601144535,1.6557678679782724,37.490662671779255
2022-23,1628371,Jonathan Isaac,504,11.387673042220746,2.2595,0.54,11.387673042220746,0.30374691271575494,37.490662671779255
2022-23,1630688,Ish Wainright,3787,28.83710436083421,0.7615,0.54,28.83710436083421,0.7691809721608648,37.490662671779255
2022-23,1631207,Dalen Terry,883,13.09775963030684,1.4833,0.53,13.09775963030684,0.34936057932542375,37.490662671779255
2022-23,1627751,Jakob Poeltl,7819,46.98673352892642,0.6009,0.5,46.98673352892642,1.2532916246448544,37.490662671779255
2022-23,202691,Klay Thompson,9689,55.97514071722375,0.5777,0.5,55.97514071722375,1.4930421797894364,37.490662671779255
2022-23,1630214,Xavier Tillman,4962,32.44938716551917,0.654,0.49,32.44938716551917,0.8655325047093697,37.490662671779255
2022-23,1629656,Quentin Grimes,8574,50.227571107843744,0.5858,0.49,50.227571107843744,1.3397354842077005,37.490662671779255
2022-23,203924,Jerami Grant,9213,52.75380012050096,0.5726,0.49,52.75380012050096,1.4071183692416003,37.490662671779255
2022-23,1627814,Damion Lee,6198,37.4859024193259,0.6048,0.48,37.4859024193259,0.9998730283192104,37.490662671779255
2022-23,203992,Bogdan Bogdanovic,6285,36.80806987559872,0.5856,0.47,36.80806987559872,0.9817929919735894,37.490662671779255
2022-23,1630695,Micah Potter,232,8.503439920415918,3.6653,0.46,8.503439920415918,0.22681487374233059,37.490662671779255
2022-23,1630171,Isaac Okoro,6606,37.686762406116536,0.5705,0.46,37.686762406116536,1.005230628651568,37.490662671779255
2022-23,1626163,Frank Kaminsky,933,11.607213210790261,1.2441,0.46,11.607213210790261,0.30960277529389957,37.490662671779255
2022-23,1627936,Alex Caruso,6473,36.84255278309352,0.5692,0.46,36.84255278309352,0.982712765192769,37.490662671779255
2022-23,1629028,Deandre Ayton,8252,43.29667406425032,0.5247,0.44,43.29667406425032,1.1548655312737772,37.490662671779255
2022-23,202699,Tobias Harris,9692,49.445809120672585,0.5102,0.44,49.445809120672585,1.3188833057862286,37.490662671779255
2022-23,1627745,Damian Jones,2043,15.63690525249406,0.7654,0.43,15.63690525249406,0.4170879930661934,37.490662671779255
2022-23,1631114,Jalen Williams,9733,48.27678774697547,0.496,0.43,48.27678774697547,1.287701638395295,37.490662671779255
2022-23,203925,Joe Harris,6287,33.06476674887807,0.5259,0.42,33.06476674887807,0.8819467139951961,37.490662671779255
2022-23,1629026,Kenrich Williams,5007,27.221668499017746,0.5437,0.41,27.221668499017746,0.7260919535441714,37.490662671779255
2022-23,1626149,Montrezl Harrell,2849,18.29404065459503,0.6421,0.41,18.29404065459503,0.48796258457084296,37.490662671779255
2022-23,1629117,Wenyen Gabriel,4347,24.31396531972923,0.5593,0.41,24.31396531972923,0.6485338904940547,37.490662671779255
2022-23,1630284,Kevon Harris,1893,14.038760637055537,0.7416,0.4,14.038760637055537,0.37446018919327034,37.490662671779255
2022-23,1627734,Domantas Sabonis,11426,51.91271428992201,0.4543,0.4,51.91271428992201,1.384683827661409,37.490662671779255
2022-23,203486,Mason Plumlee,8629,40.41081527153615,0.4683,0.4,40.41081527153615,1.0778901302791593,37.490662671779255
2022-23,1630539,Kai Jones,2387,15.74818552771555,0.6597,0.39,15.74818552771555,0.4200562061435593,37.490662671779255
2022-23,1628410,Edmond Sumner,3116,18.456156637625096,0.5923,0.39,18.456156637625096,0.4922867541500619,37.490662671779255
2022-23,1628962,Udoka Azubuike,1551,12.258990549568887,0.7904,0.39,12.258990549568887,0.32698783312775975,37.490662671779255
2022-23,1627832,Fred VanVleet,10371,45.71238034748578,0.4408,0.38,45.71238034748578,1.2193004094829016,37.490662671779255
2022-23,1628960,Grayson Allen,8334,36.806860222408645,0.4416,0.37,36.806860222408645,0.9817607265212376,37.490662671779255
2022-23,1630600,Isaiah Mobley,304,6.974305219017122,2.2942,0.37,6.974305219017122,0.1860277925753221,37.490662671779255
2022-23,1630620,Darius Days,57,5.937930664861346,10.4174,0.36,5.937930664861346,0.15838425468352865,37.490662671779255
2022-23,1630543,Isaiah Jackson,4514,21.857253136617,0.4842,0.36,21.857253136617,0.5830052492795718,37.490662671779255
2022-23,203484,Kentavious Caldwell-Pope,9923,40.981021036126364,0.413,0.36,40.981021036126364,1.0930994043744775,37.490662671779255
2022-23,1630598,Aaron Wiggins,5473,24.189143885255653,0.442,0.34,24.189143885255653,0.6452044899025966,37.490662671779255
2022-23,1630577,Julian Champagnie,1307,9.935284116148337,0.7602,0.34,9.935284116148337,0.26500689526693877,37.490662671779255
2022-23,1629630,Ja Morant,8308,33.69218388628817,0.4055,0.34,33.69218388628817,0.8986820046701828,37.490662671779255
2022-23,1626224,Cedi Osman,6184,25.857418269718394,0.4181,0.33,25.857418269718394,0.6897028867185728,37.490662671779255
2022-23,1629667,Jalen McDaniels,8010,31.69082642667644,0.3956,0.33,31.69082642667644,0.8452991803351455,37.490662671779255
2022-23,1628396,Tony Bradley,145,5.738785016206562,3.9578,0.33,5.738785016206562,0.1530723814206245,37.490662671779255
2022-23,1629723,John Konchar,6281,25.807780383803944,0.4109,0.33,25.807780383803944,0.6883788800892684,37.490662671779255
2022-23,1628436,Luke Kornet,3327,16.027163851513453,0.4817,0.33,16.027163851513453,0.4274974809548445,37.490662671779255
2022-23,1629012,Collin Sexton,4785,20.672065834390697,0.432,0.32,20.672065834390697,0.5513923830946685,37.490662671779255
2022-23,1629139,Yuta Watanabe,3855,17.637904651989864,0.4575,0.32,17.637904651989864,0.470461266753405,37.490662671779255
2022-23,1631165,Keon Ellis,287,6.087550169480397,2.1211,0.32,6.087550169480397,0.16237510184269813,37.490662671779255
2022-23,1631199,Ron Harper Jr.,186,5.670553284286472,3.0487,0.32,5.670553284286472,0.15125241540622134,37.490662671779255
2022-23,1630215,Jared Butler,310,6.0418902705706445,1.949,0.32,6.0418902705706445,0.16115720128677855,37.490662671779255
2022-23,201143,Al Horford,7942,30.156568523200068,0.3797,0.32,30.156568523200068,0.80437544642016,37.490662671779255
2022-23,1631169,Josh Minott,420,6.110758313492007,1.4549,0.3,6.110758313492007,0.16299413982062855,37.490662671779255
2022-23,1629646,Charles Bassey,2164,11.29412428453333,0.5219,0.3,11.29412428453333,0.3012516578703976,37.490662671779255
2022-23,203952,Andrew Wiggins,5101,20.060609158251484,0.3933,0.3,20.060609158251484,0.535082810722146,37.490662671779255
2022-23,1631217,Moussa Diabate,809,7.189211057072976,0.8887,0.3,7.189211057072976,0.19176004222738338,37.490662671779255
2022-23,1630529,Herbert Jones,8021,28.498503942365286,0.3553,0.3,28.498503942365286,0.7601493788429957,37.490662671779255
2022-23,1631105,Jalen Duren,7016,25.51431684202476,0.3637,0.3,25.51431684202476,0.68055123659445,37.490662671779255
2022-23,1630639,A.J. Lawson,462,6.086516452882491,1.3174,0.3,6.086516452882491,0.16234752920129256,37.490662671779255
2022-23,1630568,Luka Garza,1036,7.46694872352283,0.7207,0.28,7.46694872352283,0.19916822460285571,37.490662671779255
2022-23,202331,Paul George,7890,26.069961726162763,0.3304,0.27,26.069961726162763,0.6953721238378292,37.490662671779255
2022-23,1626195,Willy Hernangomez,1945,9.38488806473839,0.4825,0.26,9.38488806473839,0.2503260117565961,37.490662671779255
2022-23,1630209,Omer Yurtseven,345,5.112726305059514,1.4819,0.26,5.112726305059514,0.1363733244680167,37.490662671779255
2022-23,1628975,Jevon Carter,7526,23.974972391086556,0.3186,0.26,23.974972391086556,0.6394918276313503,37.490662671779255
2022-23,1630643,Jay Huff,378,5.0436916022814735,1.3343,0.25,5.0436916022814735,0.13453194056444526,37.490662671779255
2022-23,1626174,Christian Wood,6864,21.556418536177446,0.3141,0.25,21.556418536177446,0.5749809952653582,37.490662671779255
2022-23,1629675,Naz Reid,5408,17.821695473230683,0.3295,0.25,17.821695473230683,0.475363575972366,37.490662671779255
2022-23,1631112,Kendall Brown,195,4.552900348229266,2.3348,0.25,4.552900348229266,0.12144091418411815,37.490662671779255
2022-23,1629014,Anfernee Simons,8871,26.555279321150714,0.2993,0.25,26.555279321150714,0.7083171496229633,37.490662671779255
2022-23,1629001,De'Anthony Melton,8728,25.951215980497572,0.2973,0.25,25.951215980497572,0.6922047819664737,37.490662671779255
2022-23,1629056,Terence Davis,3557,12.870857787027221,0.3618,0.25,12.870857787027221,0.3433083565288815,37.490662671779255
2022-23,1631099,Keegan Murray,10014,27.74713093557474,0.2771,0.24,27.74713093557474,0.7401077750610456,37.490662671779255
2022-23,1630590,Scotty Pippen Jr.,127,4.022388207441404,3.1672,0.23,4.022388207441404,0.10729040034998419,37.490662671779255
2022-23,1628978,Donte DiVincenzo,8075,21.98031559274105,0.2722,0.23,21.98031559274105,0.5862877320993989,37.490662671779255
2022-23,1627780,Gary Payton II,1522,7.080061968469703,0.4652,0.23,7.080061968469703,0.1888486749475131,37.490662671779255
2022-23,1628972,Troy Brown Jr.,7723,20.894712693486763,0.2706,0.22,20.894712693486763,0.5573311113867043,37.490662671779255
2022-23,1627885,Shaquille Harrison,538,4.489208311158904,0.8344,0.21,4.489208311158904,0.11974203684956769,37.490662671779255
2022-23,203109,Jae Crowder,1415,6.196969887600562,0.4379,0.21,6.196969887600562,0.16529368770708,37.490662671779255
2022-23,1629632,Coby White,7158,17.959407063428394,0.2509,0.21,17.959407063428394,0.479036799660177,37.490662671779255
2022-23,1630233,Nathan Knight,1255,5.798180231944411,0.462,0.2,5.798180231944411,0.15465664831550008,37.490662671779255
2022-23,1629013,Landry Shamet,3327,9.997545558245886,0.3005,0.2,9.997545558245886,0.26666761390087257,37.490662671779255
2022-23,1626158,Richaun Holmes,1409,6.030254108311633,0.428,0.2,6.030254108311633,0.1608468263445994,37.490662671779255
2022-23,1630596,Evan Mobley,10780,24.59556201831556,0.2282,0.2,24.59556201831556,0.6560450060230502,37.490662671779255
2022-23,203078,Bradley Beal,6794,16.213549291267295,0.2386,0.19,16.213549291267295,0.4324689972330602,37.490662671779255
2022-23,1630240,Saben Lee,1583,6.1198989224286855,0.3866,0.19,6.1198989224286855,0.163237950099916,37.490662671779255
2022-23,1630531,Jaden Springer,379,3.7034706797573786,0.9772,0.19,3.7034706797573786,0.09878381484425271,37.490662671779255
2022-23,203082,Terrence Ross,5527,13.089394967951824,0.2368,0.18,13.089394967951824,0.34913746610845436,37.490662671779255
2022-23,203944,Julius Randle,11069,22.910759916128395,0.207,0.18,22.910759916128395,0.611105760298397,37.490662671779255
2022-23,1629611,Terance Mann,7555,16.467754365645913,0.218,0.18,16.467754365645913,0.43924948752751336,37.490662671779255
2022-23,1626192,Pat Connaughton,6104,13.803680275704535,0.2261,0.18,13.803680275704535,0.3681898182636053,37.490662671779255
2022-23,1630678,Terry Taylor,1121,4.867413327536697,0.4342,0.18,4.867413327536697,0.12983001581352674,37.490662671779255
2022-23,1628389,Bam Adebayo,10310,21.2165293869118,0.2058,0.18,21.2165293869118,0.5659150272337636,37.490662671779255
2022-23,1630696,Dru Smith,623,3.8974843449829693,0.6256,0.18,3.8974843449829693,0.10395880113148184,37.490662671779255
2022-23,1626156,D'Angelo Russell,9618,18.604924849932093,0.1934,0.17,18.604924849932093,0.49625489452702515,37.490662671779255
2022-23,1629060,Rui Hachimura,6153,12.813878527341835,0.2083,0.17,12.813878527341835,0.34178853117438657,37.490662671779255
2022-23,1630175,Cole Anthony,6349,12.912261710777123,0.2034,0.16,12.912261710777123,0.34441273614767837,37.490662671779255
2022-23,201935,James Harden,8404,16.23872055081679,0.1932,0.16,16.23872055081679,0.43314039799676135,37.490662671779255
2022-23,201950,Jrue Holiday,9293,17.55010521387914,0.1889,0.16,17.55010521387914,0.4681193652810468,37.490662671779255
2022-23,1628381,John Collins,9030,16.60437168239505,0.1839,0.16,16.60437168239505,0.44289352332237747,37.490662671779255
2022-23,1629637,Jaxson Hayes,2455,6.250482581465025,0.2546,0.15,6.250482581465025,0.16672104828304402,37.490662671779255
2022-23,202709,Cory Joseph,5013,9.86903936529989,0.1969,0.15,9.86903936529989,0.26323992861104367,37.490662671779255
2022-23,1631466,Jeenathan Williams,530,3.1733091251147147,0.5987,0.15,3.1733091251147147,0.08464265230241964,37.490662671779255
2022-23,1629626,Bol Bol,6233,11.036863994020415,0.1771,0.14,11.036863994020415,0.2943896748543821,37.490662671779255
2022-23,1630583,Santi Aldama,7086,11.732071989646395,0.1656,0.14,11.732071989646395,0.31293317198358306,37.490662671779255
2022-23,1630637,Carlik Jones,228,2.450975996827448,1.075,0.13,2.450975996827448,0.06537563814982648,37.490662671779255
2022-23,1628404,Josh Hart,10039,14.941895936474612,0.1488,0.13,14.941895936474612,0.39854979537937013,37.490662671779255
2022-23,1630237,Anthony Lamb,4924,8.22872842823368,0.1671,0.13,8.22872842823368,0.2194874094457599,37.490662671779255
2022-23,1626157,Karl-Anthony Towns,4062,7.094044433712045,0.1746,0.13,7.094044433712045,0.18922163355229302,37.490662671779255
2022-23,1630170,Devin Vassell,5050,8.19458750746786,0.1623,0.12,8.19458750746786,0.21857675814400204,37.490662671779255
2022-23,203490,Otto Porter Jr.,604,2.7132122462997175,0.4492,0.12,2.7132122462997175,0.07237034645274655,37.490662671779255
2022-23,1627759,Jaylen Brown,9954,14.046334873718592,0.1411,0.12,14.046334873718592,0.37466221914215025,37.490662671779255
2022-23,1626168,Trey Lyles,5241,8.11825463397369,0.1549,0.12,8.11825463397369,0.21654070788363605,37.490662671779255
2022-23,1627777,Georges Niang,6190,9.192683568526714,0.1485,0.12,9.192683568526714,0.24519928199205773,37.490662671779255
2022-23,1630183,Jaden McDaniels,10015,13.640768192052988,0.1362,0.12,13.640768192052988,0.36384441404715284,37.490662671779255
2022-23,1628964,Mo Bamba,3117,5.473635205844741,0.1756,0.12,5.473635205844741,0.1459999588101431,37.490662671779255
2022-23,1626171,Bobby Portis,7677,10.755583355676839,0.1401,0.12,10.755583355676839,0.28688698969765086,37.490662671779255
2022-23,1630167,Obi Toppin,4344,6.784819883366115,0.1562,0.11,6.784819883366115,0.18097359181845896,37.490662671779255
2022-23,1628221,Gabe York,262,2.1157623103744045,0.8075,0.11,2.1157623103744045,0.05643438017880182,37.490662671779255
2022-23,1630206,Jay Scrubb,124,1.7472656248454217,1.4091,0.1,1.7472656248454217,0.04660535451566343,37.490662671779255
2022-23,1628981,Bruno Fernando,1652,3.2248930217522513,0.1952,0.1,3.2248930217522513,0.08601856547549797,37.490662671779255
2022-23,1630181,R.J. Hampton,3117,4.658098633543794,0.1494,0.1,4.658098633543794,0.1242469004702372,37.490662671779255
2022-23,202689,Kemba Walker,589,2.069329147953278,0.3513,0.09,2.069329147953278,0.05519585412692494,37.490662671779255
2022-23,1628976,Wendell Carter Jr.,6970,7.634135240808181,0.1095,0.09,7.634135240808181,0.2036276421049955,37.490662671779255
2022-23,1629660,Ty Jerome,3399,4.37642457106177,0.1288,0.09,4.37642457106177,0.11673372139020853,37.490662671779255
2022-23,201588,George Hill,3465,4.232341182686013,0.1221,0.08,4.232341182686013,0.11289054076581762,37.490662671779255
2022-23,1630579,Jericho Sims,3261,4.011986749532241,0.123,0.08,4.011986749532241,0.10701295905746223,37.490662671779255
2022-23,1628997,Caleb Martin,8272,7.799184211146975,0.0943,0.08,7.799184211146975,0.2080300441586416,37.490662671779255
2022-23,1630264,Anthony Gill,2547,3.267356359350116,0.1283,0.08,3.267356359350116,0.08715120316637101,37.490662671779255
2022-23,202694,Marcus Morris Sr.,7379,6.2746566328834215,0.085,0.07,6.2746566328834215,0.1673658502069266,37.490662671779255
2022-23,1630541,Moses Moody,3466,3.0535673299284736,0.0881,0.06,3.0535673299284736,0.08144874249520849,37.490662671779255
2022-23,1630219,Skylar Mays,823,1.2672032545592682,0.154,0.05,1.2672032545592682,0.03380050295865118,37.490662671779255
2022-23,201949,James Johnson,711,1.1820287674642806,0.1662,0.05,1.1820287674642806,0.03152861761374098,37.490662671779255
2022-23,1631132,Christian Koloko,3212,2.3996033720757226,0.0747,0.05,2.3996033720757226,0.06400536029687204,37.490662671779255
2022-23,1629234,Drew Eubanks,6461,3.814487452020769,0.059,0.05,3.814487452020769,0.10174499942600611,37.490662671779255
2022-23,1631108,Max Christie,2149,1.7581350509666689,0.0818,0.05,1.7581350509666689,0.046895278068533275,37.490662671779255
2022-23,1630241,Sam Merrill,234,0.8281939397286222,0.3539,0.05,0.8281939397286222,0.02209067220228245,37.490662671779255
2022-23,203526,Raul Neto,2002,1.589379817799487,0.0794,0.04,1.589379817799487,0.04239401772420197,37.490662671779255
2022-23,203501,Tim Hardaway Jr.,8705,4.256824532247294,0.0489,0.04,4.256824532247294,0.11354359269439052,37.490662671779255
2022-23,1629676,Isaiah Roby,1977,1.3874108066961588,0.0702,0.04,1.3874108066961588,0.03700683604455248,37.490662671779255
2022-23,1629731,Dean Wade,3589,2.010765473836206,0.056,0.04,2.010765473836206,0.05363376719797996,37.490662671779255
2022-23,1630534,Ochai Agbaji,5069,2.4513681134076952,0.0484,0.04,2.4513681134076952,0.06538609719622106,37.490662671779255
2022-23,1631309,Trevor Hudgins,81,0.6146378656656551,0.7588,0.04,0.6146378656656551,0.016394425221198293,37.490662671779255
2022-23,1630846,Olivier Sarr,433,0.7331094882999936,0.1693,0.04,0.7331094882999936,0.019554455324467628,37.490662671779255
2022-23,1631116,Patrick Baldwin Jr.,937,0.8879716787076817,0.0948,0.04,0.8879716787076817,0.02368514225746386,37.490662671779255
2022-23,1631097,Bennedict Mathurin,9360,3.7879771066948296,0.0405,0.03,3.7879771066948296,0.101037880814686,37.490662671779255
2022-23,202066,Garrett Temple,698,0.7464469604932435,0.1069,0.03,0.7464469604932435,0.019910209830863418,37.490662671779255
2022-23,1630256,Jae'Sean Tate,2869,1.3563651591730965,0.0473,0.03,1.3563651591730965,0.03617874591995643,37.490662671779255
2022-23,1629111,Jock Landale,4062,1.707232356317733,0.042,0.03,1.707232356317733,0.04553753480604215,37.490662671779255
2022-23,204456,T.J. McConnell,6471,2.2329595331065475,0.0345,0.03,2.2329595331065475,0.059560417820712114,37.490662671779255
2022-23,1629663,Louis King,123,0.4159568388843207,0.3382,0.02,0.4159568388843207,0.011094944960720268,37.490662671779255
2022-23,1641645,Xavier Cooks,502,0.45341607156594976,0.0903,0.02,0.45341607156594976,0.012094106618906324,37.490662671779255
2022-23,1630182,Josh Green,6263,1.6884330779598866,0.027,0.02,1.6884330779598866,0.04503609586049912,37.490662671779255
2022-23,1629023,P.J. Washington,10001,2.3364418156531617,0.0234,0.02,2.3364418156531617,0.06232063263613359,37.490662671779255
2022-23,1628425,Sterling Brown,110,0.32775318909589335,0.298,0.02,0.32775318909589335,0.008742261825705377,37.490662671779255
2022-23,1630535,Greg Brown III,390,0.33417088762558605,0.0857,0.02,0.33417088762558605,0.008913443076511157,37.490662671779255
2022-23,203552,Seth Curry,5026,0.8386284906144045,0.0167,0.01,0.8386284906144045,0.022368996193968965,37.490662671779255
2022-23,1629674,Neemias Queta,139,0.19511697402563194,0.1404,0.01,0.19511697402563194,0.005204415182890443,37.490662671779255
2022-23,1630552,Jalen Johnson,4386,0.10980335096020986,0.0025,0,0.10980335096020986,0.0029288186213593742,37.490662671779255
2022-23,1628963,Marvin Bagley III,4029,0.010434421035412256,0.0003,0,0.010434421035412256,0.0002783205281475771,37.490662671779255
2022-23,203210,JaMychal Green,3491,-0.07876096367677543,-0.0023,0,-0.07876096367677543,-0.0021008154581397148,37.490662671779255
2022-23,1627826,Ivica Zubac,8771,-0.8813337703072438,-0.01,-0.01,-0.8813337703072438,-0.023508087280907402,37.490662671779255
2022-23,1626169,Stanley Johnson,1990,-0.30845052827262004,-0.0155,-0.01,-0.30845052827262004,-0.008227396004520434,37.490662671779255
2022-23,1629006,Josh Okogie,5545,-1.1194097366231455,-0.0202,-0.02,-1.1194097366231455,-0.029858360905041313,37.490662671779255
2022-23,1631367,Jacob Gilyard,173,-0.2777950880248794,-0.1606,-0.02,-0.2777950880248794,-0.007409713998840224,37.490662671779255
2022-23,1628993,Alize Johnson,121,-0.2924980353560233,-0.2417,-0.02,-0.2924980353560233,-0.007801890244426074,37.490662671779255
2022-23,1630631,Jose Alvarado,5424,-1.3022326732935021,-0.024,-0.02,-1.3022326732935021,-0.03473485344055403,37.490662671779255
2022-23,203482,Kelly Olynyk,8069,-1.926647747908126,-0.0239,-0.02,-1.926647747908126,-0.051390069169366594,37.490662671779255
2022-23,203926,Doug McDermott,5558,-1.5446208427239454,-0.0278,-0.02,-1.5446208427239454,-0.04120014778737545,37.490662671779255
2022-23,1630587,Isaiah Livers,4925,-1.4117536318892991,-0.0287,-0.02,-1.4117536318892991,-0.03765613972334459,37.490662671779255
2022-23,1631260,A.J. Green,1439,-0.666836685472435,-0.0463,-0.02,-0.666836685472435,-0.017786740429488062,37.490662671779255
2022-23,1629684,Grant Williams,8383,-2.3809343354248393,-0.0284,-0.02,-2.3809343354248393,-0.06350739532851911,37.490662671779255
2022-23,1628995,Kevin Knox II,4066,-1.5554159645161971,-0.0383,-0.03,-1.5554159645161971,-0.04148808939797754,37.490662671779255
2022-23,203469,Cody Zeller,869,-0.6873790071838726,-0.0791,-0.03,-0.6873790071838726,-0.018334672107604293,37.490662671779255
2022-23,203473,Dewayne Dedmon,1803,-0.9763325575877404,-0.0542,-0.03,-0.9763325575877404,-0.026042019212497557,37.490662671779255
2022-23,201587,Nicolas Batum,7086,-2.5358246519894165,-0.0358,-0.03,-2.5358246519894165,-0.06763883247916647,37.490662671779255
2022-23,1631197,Jared Rhoden,748,-0.8641657163584324,-0.1155,-0.04,-0.8641657163584324,-0.023050158486767027,37.490662671779255
2022-23,203933,T.J. Warren,2906,-1.8969587723884973,-0.0653,-0.04,-1.8969587723884973,-0.050598165975242027,37.490662671779255
2022-23,1630270,Xavier Sneed,214,-0.7953121310558504,-0.3716,-0.04,-0.7953121310558504,-0.02121360558543859,37.490662671779255
2022-23,1630644,Mac McClung,182,-0.8360851941329632,-0.4594,-0.05,-0.8360851941329632,-0.022301158063080025,37.490662671779255
2022-23,1631128,Christian Braun,4763,-3.2592668429377922,-0.0684,-0.05,-3.2592668429377922,-0.08693542900193052,37.490662671779255
2022-23,1630192,Zeke Nnaji,2905,-2.5470587692220317,-0.0877,-0.06,-2.5470587692220317,-0.06793848355044699,37.490662671779255
2022-23,1630162,Anthony Edwards,11987,-8.16540947163904,-0.0681,-0.06,-8.16540947163904,-0.21779848340172112,37.490662671779255
2022-23,1629645,Kevin Porter Jr.,8365,-6.22057309282801,-0.0744,-0.06,-6.22057309282801,-0.16592326327457765,37.490662671779255
2022-23,1630625,Dalano Banton,1141,-1.8663672372499736,-0.1636,-0.07,-1.8663672372499736,-0.049782188530235395,37.490662671779255
2022-23,1627736,Malik Beasley,8729,-7.372939968470662,-0.0845,-0.07,-7.372939968470662,-0.19666070010601794,37.490662671779255
2022-23,1629875,Xavier Moon,75,-1.2535292689298714,-1.6714,-0.07,-1.2535292689298714,-0.033435772525660205,37.490662671779255
2022-23,201933,Blake Griffin,2335,-2.987862410953511,-0.128,-0.08,-2.987862410953511,-0.07969617494125002,37.490662671779255
2022-23,1628988,Aaron Holiday,3721,-4.107297092534764,-0.1104,-0.08,-4.107297092534764,-0.10955520121084691,37.490662671779255
2022-23,1627750,Jamal Murray,8765,-8.15654844596181,-0.0931,-0.08,-8.15654844596181,-0.21756213053288,37.490662671779255
2022-23,1629022,Lonnie Walker IV,5467,-5.6944544336112095,-0.1042,-0.08,-5.6944544336112095,-0.15188993812845183,37.490662671779255
2022-23,1631306,Cole Swider,173,-1.433616544713413,-0.8287,-0.08,-1.433616544713413,-0.03823929593521307,37.490662671779255
2022-23,203994,Jusuf Nurkic,5757,-6.1197064738255,-0.1063,-0.08,-6.1197064738255,-0.1632328168590109,37.490662671779255
2022-23,1630249,Vit Krejci,650,-2.1119318317067313,-0.3249,-0.09,-2.1119318317067313,-0.05633220864075225,37.490662671779255
2022-23,1631205,Buddy Boeheim,372,-1.858069975272446,-0.4995,-0.09,-1.858069975272446,-0.04956087310430741,37.490662671779255
2022-23,1628984,Devonte' Graham,5526,-7.069963816140061,-0.1279,-0.1,-7.069963816140061,-0.18857932381819192,37.490662671779255
2022-23,1629622,Max Strus,9020,-10.77867116609442,-0.1195,-0.1,-10.77867116609442,-0.2875028179805411,37.490662671779255
2022-23,1629640,Keldon Johnson,8665,-10.509785094775447,-0.1213,-0.1,-10.509785094775447,-0.2803307369300407,37.490662671779255
2022-23,1631298,Jack White,252,-1.9017745570175435,-0.7547,-0.1,-1.9017745570175435,-0.05072661888286884,37.490662671779255
2022-23,1631245,Quenton Jackson,556,-2.2620255008436576,-0.4068,-0.1,-2.2620255008436576,-0.06033570333624367,37.490662671779255
2022-23,1629669,Jaylen Nowell,5330,-7.362581594046888,-0.1381,-0.11,-7.362581594046888,-0.19638440799258003,37.490662671779255
2022-23,1629644,KZ Okpala,1058,-2.952067346373352,-0.279,-0.11,-2.952067346373352,-0.07874140215172812,37.490662671779255
2022-23,1630692,Jordan Goodwin,4601,-6.960053958685588,-0.1513,-0.11,-6.960053958685588,-0.18564766431628596,37.490662671779255
2022-23,1630526,Jeremiah Robinson-Earl,3381,-5.629366422124248,-0.1665,-0.11,-5.629366422124248,-0.1501538255380506,37.490662671779255
2022-23,204060,Joe Ingles,4477,-6.876572089569258,-0.1536,-0.11,-6.876572089569258,-0.18342092669238236,37.490662671779255
2022-23,1626145,Tyus Jones,8211,-11.346601955413218,-0.1382,-0.12,-11.346601955413218,-0.3026514109593018,37.490662671779255
2022-23,202696,Nikola Vucevic,11168,-15.065723604147632,-0.1349,-0.12,-15.065723604147632,-0.4018526889226798,37.490662671779255
2022-23,1630288,Jeff Dowtin Jr.,1035,-3.212162174334045,-0.3104,-0.12,-3.212162174334045,-0.0856789916586876,37.490662671779255
2022-23,1630554,Jason Preston,519,-2.6061148103965643,-0.5021,-0.12,-2.6061148103965643,-0.06951370353766227,37.490662671779255
2022-23,203920,Khem Birch,659,-2.8170584649279853,-0.4275,-0.12,-2.8170584649279853,-0.07514026864743843,37.490662671779255
2022-23,1628370,Malik Monk,7290,-11.246135486911571,-0.1543,-0.13,-11.246135486911571,-0.29997163788137027,37.490662671779255
2022-23,1630267,Facundo Campazzo,203,-2.4006548752295918,-1.1826,-0.13,-2.4006548752295918,-0.0640334073645666,37.490662671779255
2022-23,1631115,Orlando Robinson,1747,-4.506712554199326,-0.258,-0.13,-4.506712554199326,-0.12020893291896148,37.490662671779255
2022-23,1631230,Dominick Barlow,1714,-4.6029334271139355,-0.2685,-0.14,-4.6029334271139355,-0.12277546191731496,37.490662671779255
2022-23,1628971,Bruce Brown,9338,-15.24357422250168,-0.1632,-0.14,-15.24357422250168,-0.4065965532792819,37.490662671779255
2022-23,1630540,Miles McBride,3061,-6.830951589308151,-0.2232,-0.15,-6.830951589308151,-0.1822040770287607,37.490662671779255
2022-23,1630551,Justin Champagnie,130,-2.595802795695023,-1.9968,-0.15,-2.595802795695023,-0.06923864799138345,37.490662671779255
2022-23,1630564,RaiQuan Gray,146,-2.686935732184442,-1.8404,-0.15,-2.686935732184442,-0.07166946489337485,37.490662671779255
2022-23,200768,Kyle Lowry,6846,-13.179087548523604,-0.1925,-0.16,-13.179087548523604,-0.35152986395313945,37.490662671779255
2022-23,1628464,Daniel Theis,459,-3.289420740185922,-0.7166,-0.16,-3.289420740185922,-0.08773973319660745,37.490662671779255
2022-23,1629639,Tyler Herro,9363,-17.705141052922112,-0.1891,-0.16,-17.705141052922112,-0.47225468399761017,37.490662671779255
2022-23,1630191,Isaiah Stewart,5854,-12.063078661175279,-0.2061,-0.16,-12.063078661175279,-0.3217622149489411,37.490662671779255
2022-23,1627742,Brandon Ingram,6294,-12.79459098816394,-0.2033,-0.16,-12.79459098816394,-0.34127406869750926,37.490662671779255
2022-23,1631111,Wendell Moore Jr.,651,-3.658783883908265,-0.562,-0.16,-3.658783883908265,-0.09759187016617821,37.490662671779255
2022-23,201569,Eric Gordon,8238,-16.11642440188401,-0.1956,-0.16,-16.11642440188401,-0.4298783551248215,37.490662671779255
2022-23,1630250,Marko Simonovic,85,-2.7771086377617547,-3.2672,-0.16,-2.7771086377617547,-0.0740746745949678,37.490662671779255
2022-23,1629677,Luka Samanic,703,-3.9330700568962786,-0.5595,-0.17,-3.9330700568962786,-0.10490798979279874,37.490662671779255
2022-23,1630228,Jonathan Kuminga,5922,-12.962631900833996,-0.2189,-0.17,-12.962631900833996,-0.34575627575106843,37.490662671779255
2022-23,1631123,Jamaree Bouyea,269,-3.22273038011066,-1.198,-0.17,-3.22273038011066,-0.08596088066846949,37.490662671779255
2022-23,1630346,Matt Ryan,1306,-5.100859834533449,-0.3906,-0.18,-5.100859834533449,-0.13605680644244983,37.490662671779255
2022-23,203086,Meyers Leonard,493,-3.7591237924456107,-0.7625,-0.18,-3.7591237924456107,-0.10026826747117638,37.490662671779255
2022-23,201980,Danny Green,570,-3.987683342757315,-0.6996,-0.18,-3.987683342757315,-0.10636470679828784,37.490662671779255
2022-23,1629020,Jarred Vanderbilt,7742,-17.209367115427266,-0.2223,-0.18,-17.209367115427266,-0.4590307529661634,37.490662671779255
2022-23,1630702,Jaden Hardy,2887,-8.358193545262205,-0.2895,-0.19,-8.358193545262205,-0.22294067241318083,37.490662671779255
2022-23,1630224,Jalen Green,10829,-23.32123508719759,-0.2154,-0.19,-23.32123508719759,-0.6220544910440442,37.490662671779255
2022-23,1630174,Aaron Nesmith,7655,-17.42904223764822,-0.2277,-0.19,-17.42904223764822,-0.46489021520464524,37.490662671779255
2022-23,1629052,Oshae Brissett,4622,-11.86887775974575,-0.2568,-0.19,-11.86887775974575,-0.3165822344527385,37.490662671779255
2022-23,1627783,Pascal Siakam,10709,-23.758447443617516,-0.2219,-0.19,-23.758447443617516,-0.6337163909749044,37.490662671779255
2022-23,1631311,Lester Quinones,73,-3.2450502050655343,-4.4453,-0.19,-3.2450502050655343,-0.08655622423842126,37.490662671779255
2022-23,1630561,David Duke Jr.,938,-4.954239232003855,-0.5282,-0.2,-4.954239232003855,-0.13214594992296874,37.490662671779255
2022-23,201580,JaVale McGee,1454,-6.0076190028812455,-0.4132,-0.2,-6.0076190028812455,-0.1602430732013554,37.490662671779255
2022-23,201144,Mike Conley,8277,-19.52538695497109,-0.2359,-0.2,-19.52538695497109,-0.5208066639395158,37.490662671779255
2022-23,203500,Steven Adams,4772,-12.788032324037708,-0.268,-0.2,-12.788032324037708,-0.34109912742790166,37.490662671779255
2022-23,1629631,De'Andre Hunter,9070,-22.03917942070384,-0.243,-0.21,-22.03917942070384,-0.5878578251243776,37.490662671779255
2022-23,1629647,Darius Bazley,2550,-8.779623563709354,-0.3443,-0.21,-8.779623563709354,-0.2341816051792046,37.490662671779255
2022-23,203915,Spencer Dinwiddie,10884,-26.658830226092956,-0.2449,-0.21,-26.658830226092956,-0.7110791948246927,37.490662671779255
2022-23,1631254,Kenneth Lofton Jr.,713,-5.108811328645104,-0.7165,-0.22,-5.108811328645104,-0.13626889909552636,37.490662671779255
2022-23,1631216,Caleb Houstan,3352,-11.150488482041464,-0.3327,-0.23,-11.150488482041464,-0.2974204158422329,37.490662671779255
2022-23,1630647,Eugene Omoruyi,2622,-9.530360998029437,-0.3635,-0.23,-9.530360998029437,-0.25420625614076775,37.490662671779255
2022-23,201586,Serge Ibaka,749,-5.350634206785316,-0.7144,-0.23,-5.350634206785316,-0.14271911525354167,37.490662671779255
2022-23,1628424,Kobi Simmons,115,-3.9090862506123627,-3.3992,-0.23,-3.9090862506123627,-0.10426826233602136,37.490662671779255
2022-23,202685,Jonas Valanciunas,8199,-22.42951735582593,-0.2736,-0.23,-22.42951735582593,-0.5982694291693472,37.490662671779255
2022-23,1628998,Cody Martin,564,-4.971231178511781,-0.8814,-0.23,-4.971231178511781,-0.13259918134906237,37.490662671779255
2022-23,1630176,Vernon Carey Jr.,114,-3.958080432981505,-3.472,-0.23,-3.958080432981505,-0.10557509926227346,37.490662671779255
2022-23,1628435,Chance Comanche,85,-3.9348211366436834,-4.6292,-0.23,-3.9348211366436834,-0.10495469688258093,37.490662671779255
2022-23,1629653,Devon Dotson,216,-4.330706190948214,-2.005,-0.24,-4.330706190948214,-0.1155142609471161,37.490662671779255
2022-23,1630586,Usman Garuba,4024,-13.572159829567145,-0.3373,-0.24,-13.572159829567145,-0.3620144020495925,37.490662671779255
2022-23,1630578,Alperen Sengun,9034,-25.71895120193456,-0.2847,-0.24,-25.71895120193456,-0.6860095119442703,37.490662671779255
2022-23,1629678,Admiral Schofield,1857,-8.437509702325377,-0.4544,-0.24,-8.437509702325377,-0.2250562967156255,37.490662671779255
2022-23,1631172,Ousmane Dieng,2405,-9.781728718892973,-0.4067,-0.24,-9.781728718892973,-0.26091106483044585,37.490662671779255
2022-23,1627747,Caris LeVert,8920,-26.013622904269106,-0.2916,-0.25,-26.013622904269106,-0.6938693810779348,37.490662671779255
2022-23,1630200,Tre Jones,8369,-24.996627161574512,-0.2987,-0.25,-24.996627161574512,-0.6667427401967607,37.490662671779255
2022-23,1626196,Josh Richardson,6420,-20.232403123620937,-0.3151,-0.25,-20.232403123620937,-0.5396651241070404,37.490662671779255
2022-23,1631102,TyTy Washington Jr.,1827,-8.68337830729196,-0.4753,-0.25,-8.68337830729196,-0.23161442579216643,37.490662671779255
2022-23,1630172,Patrick Williams,9472,-28.64504605272931,-0.3024,-0.26,-28.64504605272931,-0.7640581417167533,37.490662671779255
2022-23,1630245,Ayo Dosunmu,8628,-26.868880537896445,-0.3114,-0.26,-26.868880537896445,-0.7166819315285601,37.490662671779255
2022-23,101108,Chris Paul,7571,-24.16833905878915,-0.3192,-0.26,-24.16833905878915,-0.644649556354245,37.490662671779255
2022-23,1630243,Trevelin Queen,295,-5.115587367873701,-1.7341,-0.27,-5.115587367873701,-0.136449638478234,37.490662671779255
2022-23,202083,Wesley Matthews,3497,-13.765927292879871,-0.3936,-0.27,-13.765927292879871,-0.36718282131732083,37.490662671779255
2022-23,1628392,Isaiah Hartenstein,6644,-22.662521128888432,-0.3411,-0.27,-22.662521128888432,-0.6044844106195923,37.490662671779255
2022-23,1630580,Joe Wieskamp,210,-5.208072553063434,-2.48,-0.29,-5.208072553063434,-0.1389165243265695,37.490662671779255
2022-23,1630591,Jalen Suggs,5236,-19.76450136530263,-0.3775,-0.29,-19.76450136530263,-0.5271846363009255,37.490662671779255
2022-23,1628372,Dennis Smith Jr.,5880,-22.03901961157113,-0.3748,-0.29,-22.03901961157113,-0.587853562486128,37.490662671779255
2022-23,1631213,Tyrese Martin,238,-5.431876278123923,-2.2823,-0.3,-5.431876278123923,-0.1448861100610184,37.490662671779255
2022-23,1628420,Monte Morris,7015,-26.422889599532503,-0.3767,-0.31,-26.422889599532503,-0.7047858777759638,37.490662671779255
2022-23,201152,Thaddeus Young,3315,-15.315792540455423,-0.462,-0.31,-15.315792540455423,-0.4085228547316194,37.490662671779255
2022-23,1626179,Terry Rozier,9285,-34.24356131209568,-0.3688,-0.31,-34.24356131209568,-0.9133890646822895,37.490662671779255
2022-23,1629662,Mfiondu Kabengele,150,-5.547008058155438,-3.698,-0.32,-5.547008058155438,-0.14795705551320906,37.490662671779255
2022-23,1630205,Lamar Stevens,4427,-19.173892067209504,-0.4331,-0.32,-19.173892067209504,-0.5114311324681511,37.490662671779255
2022-23,1627749,Dejounte Murray,11165,-40.97007758841319,-0.367,-0.32,-40.97007758841319,-1.0928075064208729,37.490662671779255
2022-23,203937,Kyle Anderson,8228,-32.098171252147175,-0.3901,-0.33,-32.098171252147175,-0.8561644144078779,37.490662671779255
2022-23,1630556,Kessler Edwards,1705,-10.854302147930571,-0.6366,-0.33,-10.854302147930571,-0.2895201464683911,37.490662671779255
2022-23,203493,Reggie Bullock,9402,-36.20913717526891,-0.3851,-0.33,-36.20913717526891,-0.9658174754676981,37.490662671779255
2022-23,1630560,Cam Thomas,3927,-18.205415015572303,-0.4636,-0.33,-18.205415015572303,-0.4855986455869253,37.490662671779255
2022-23,1629629,Cam Reddish,4122,-19.619066962190626,-0.476,-0.34,-19.619066962190626,-0.5233054196440944,37.490662671779255
2022-23,1629643,Chuma Okeke,2136,-12.918523738071734,-0.6048,-0.35,-12.918523738071734,-0.3445797651316532,37.490662671779255
2022-23,1629638,Nickeil Alexander-Walker,3774,-18.70144286921975,-0.4955,-0.35,-18.70144286921975,-0.4988293494021669,37.490662671779255
2022-23,1629033,Theo Pinson,1354,-10.288844252437766,-0.7599,-0.35,-10.288844252437766,-0.2744375137487926,37.490662671779255
2022-23,1631219,John Butler Jr.,935,-8.848351108936276,-0.9463,-0.35,-8.848351108936276,-0.23601479617474966,37.490662671779255
2022-23,1629633,Jarrett Culver,570,-7.596420695209642,-1.3327,-0.35,-7.596420695209642,-0.20262167040668974,37.490662671779255
2022-23,1629641,Romeo Langford,3633,-18.44347428223714,-0.5077,-0.35,-18.44347428223714,-0.49194847377611955,37.490662671779255
2022-23,1631107,Nikola Jovic,822,-8.711021200402056,-1.0597,-0.36,-8.711021200402056,-0.23235175319958257,37.490662671779255
2022-23,1630537,Chris Duarte,3779,-19.898772527715224,-0.5266,-0.37,-19.898772527715224,-0.5307660923980904,37.490662671779255
2022-23,203487,Michael Carter-Williams,174,-6.591443666465453,-3.7882,-0.37,-6.591443666465453,-0.1758156083868611,37.490662671779255
2022-23,1629670,Jordan Nwora,4977,-24.5350452129654,-0.493,-0.37,-24.5350452129654,-0.6544308226227734,37.490662671779255
2022-23,1629130,Duncan Robinson,2813,-16.736302593068128,-0.595,-0.38,-16.736302593068128,-0.4464125571636327,37.490662671779255
2022-23,1631212,Peyton Watson,754,-8.929131956473844,-1.1842,-0.38,-8.929131956473844,-0.2381694886176329,37.490662671779255
2022-23,1627823,Juancho Hernangomez,2482,-15.644780732904888,-0.6303,-0.38,-15.644780732904888,-0.41729805818240046,37.490662671779255
2022-23,1631160,Jordan Hall,317,-7.553838088699492,-2.3829,-0.39,-7.553838088699492,-0.20148585141936082,37.490662671779255
2022-23,1628427,Vlatko Cancar,3664,-21.42473807385782,-0.5847,-0.41,-21.42473807385782,-0.5714686417102222,37.490662671779255
2022-23,1629162,Jordan McLaughlin,3024,-18.829213313444818,-0.6227,-0.41,-18.829213313444818,-0.5022374098396061,37.490662671779255
2022-23,203967,Dario Saric,3416,-20.697343334168703,-0.6059,-0.41,-20.697343334168703,-0.5520666176367278,37.490662671779255
2022-23,1631222,Jake LaRavia,1764,-13.884574284288595,-0.7871,-0.41,-13.884574284288595,-0.3703475290859577,37.490662671779255
2022-23,203114,Khris Middleton,3461,-20.965115775489704,-0.6058,-0.41,-20.965115775489704,-0.5592089944910736,37.490662671779255
2022-23,1631119,Jaylin Williams,3927,-23.090924419525766,-0.588,-0.42,-23.090924419525766,-0.615911343623895,37.490662671779255
2022-23,1629312,Haywood Highsmith,3909,-23.866618667454862,-0.6106,-0.43,-23.866618667454862,-0.6366016753664969,37.490662671779255
2022-23,1629623,Lindell Wigginton,359,-8.505307383174125,-2.3692,-0.43,-8.505307383174125,-0.22686468515202896,37.490662671779255
2022-23,202330,Gordon Hayward,6663,-36.003456690064155,-0.5403,-0.44,-36.003456690064155,-0.9603312964954717,37.490662671779255
2022-23,1630570,Trendon Watford,4875,-28.455894921865852,-0.5837,-0.44,-28.455894921865852,-0.7590128553071899,37.490662671779255
2022-23,1630188,Jalen Smith,5449,-31.019200967523815,-0.5693,-0.44,-31.019200967523815,-0.8273847074693942,37.490662671779255
2022-23,201988,Patty Mills,2393,-17.640921151469968,-0.7372,-0.44,-17.640921151469968,-0.4705417267737176,37.490662671779255
2022-23,203457,Nerlens Noel,839,-10.934052060447367,-1.3032,-0.45,-10.934052060447367,-0.2916473404637329,37.490662671779255
2022-23,1627752,Taurean Prince,5134,-30.475413182596526,-0.5936,-0.45,-30.475413182596526,-0.8128800882875994,37.490662671779255
2022-23,1631303,Justin Minaya,383,-9.077568542775968,-2.3701,-0.46,-9.077568542775968,-0.24212878343196165,37.490662671779255
2022-23,1630547,James Bouknight,2145,-17.34591703621297,-0.8087,-0.46,-17.34591703621297,-0.4626729910877235,37.490662671779255
2022-23,1631098,Johnny Davis,1817,-16.076231340041264,-0.8848,-0.47,-16.076231340041264,-0.42880627319885967,37.490662671779255
2022-23,1629216,Gabe Vincent,7083,-41.38824970012176,-0.5843,-0.48,-41.38824970012176,-1.1039615400363776,37.490662671779255
2022-23,1629599,Amir Coffey,2560,-19.848833450496063,-0.7753,-0.48,-19.848833450496063,-0.5294340520002887,37.490662671779255
2022-23,1629652,Luguentz Dort,9646,-53.909652300198196,-0.5589,-0.48,-53.909652300198196,-1.437948770662253,37.490662671779255
2022-23,1630230,Naji Marshall,7410,-43.241281408071075,-0.5836,-0.48,-43.241281408071075,-1.15338802588359,37.490662671779255
2022-23,202693,Markieff Morris,1540,-15.076939908793157,-0.979,-0.48,-15.076939908793157,-0.40215186487333504,37.490662671779255
2022-23,1627788,Furkan Korkmaz,1481,-14.804271869932135,-0.9996,-0.48,-14.804271869932135,-0.39487890623698985,37.490662671779255
2022-23,1630177,Theo Maledon,3574,-24.976156390543597,-0.6988,-0.48,-24.976156390543597,-0.6661967170119979,37.490662671779255
2022-23,1628380,Zach Collins,6141,-37.49512410523763,-0.6106,-0.48,-37.49512410523763,-1.000119001189641,37.490662671779255
2022-23,1628470,Torrey Craig,7944,-46.89101496431822,-0.5903,-0.49,-46.89101496431822,-1.2507384938707682,37.490662671779255
2022-23,1630164,James Wiseman,3631,-25.786259437449267,-0.7102,-0.49,-25.786259437449267,-0.6878048452544328,37.490662671779255
2022-23,201577,Robin Lopez,1201,-13.977858194095909,-1.1639,-0.5,-13.977858194095909,-0.3728357195621834,37.490662671779255
2022-23,201976,Patrick Beverley,7486,-45.396660109211105,-0.6064,-0.5,-45.396660109211105,-1.2108791062629847,37.490662671779255
2022-23,203506,Victor Oladipo,4501,-30.93115719473665,-0.6872,-0.51,-30.93115719473665,-0.8250362887829077,37.490662671779255
2022-23,1631101,Shaedon Sharpe,7343,-45.55578273719175,-0.6204,-0.51,-45.55578273719175,-1.2151234331604237,37.490662671779255
2022-23,1628365,Markelle Fultz,7389,-46.241245892976025,-0.6258,-0.51,-46.241245892976025,-1.2334070031731845,37.490662671779255
2022-23,1630173,Precious Achiuwa,4603,-32.40349669286176,-0.704,-0.52,-32.40349669286176,-0.8643084539888164,37.490662671779255
2022-23,1631246,Vince Williams Jr.,435,-10.932743326550508,-2.5133,-0.54,-10.932743326550508,-0.2916124322011525,37.490662671779255
2022-23,201959,Taj Gibson,1955,-19.314911474539137,-0.988,-0.54,-19.314911474539137,-0.5151925865817852,37.490662671779255
2022-23,1627854,Bryn Forbes,1145,-14.998659125769723,-1.3099,-0.55,-14.998659125769723,-0.40006385742175277,37.490662671779255
2022-23,1629642,Nassir Little,3958,-31.0179618722313,-0.7837,-0.56,-31.0179618722313,-0.82735165669877,37.490662671779255
2022-23,1629673,Jordan Poole,10466,-67.4147621893341,-0.6441,-0.56,-67.4147621893341,-1.7981747289860504,37.490662671779255
2022-23,203903,Jordan Clarkson,8265,-55.77435580005809,-0.6748,-0.57,-55.77435580005809,-1.487686581812322,37.490662671779255
2022-23,1631120,JD Davison,266,-10.664914928227105,-4.0094,-0.57,-10.664914928227105,-0.28446856278843585,37.490662671779255
2022-23,2617,Udonis Haslem,308,-11.028607506836089,-3.5807,-0.58,-11.028607506836089,-0.29416944702707987,37.490662671779255
2022-23,203085,Austin Rivers,4270,-35.860901691069245,-0.8398,-0.61,-35.860901691069245,-0.956528883072083,37.490662671779255
2022-23,1626220,Royce O'Neale,9715,-70.20344924236142,-0.7226,-0.62,-70.20344924236142,-1.8725582382198436,37.490662671779255
2022-23,1629003,Shake Milton,6543,-50.78585525010165,-0.7762,-0.62,-50.78585525010165,-1.3546267691963265,37.490662671779255
2022-23,2738,Andre Iguodala,530,-13.327852027226779,-2.5147,-0.63,-13.327852027226779,-0.3554979047425373,37.490662671779255
2022-23,1630544,Tre Mann,4944,-40.99493609431211,-0.8292,-0.63,-40.99493609431211,-1.0934705650100622,37.490662671779255
2022-23,1629308,Juan Toscano-Anderson,3019,-29.231018693126224,-0.9682,-0.63,-29.231018693126224,-0.779687970549787,37.490662671779255
2022-23,1629134,Kendrick Nunn,4203,-36.78789579933282,-0.8753,-0.63,-36.78789579933282,-0.9812548826197347,37.490662671779255
2022-23,1630558,Davion Mitchell,6118,-49.02084074831179,-0.8013,-0.64,-49.02084074831179,-1.3075479934157517,37.490662671779255
2022-23,1628467,Maxi Kleber,3736,-33.912524930936314,-0.9077,-0.64,-33.912524930936314,-0.9045592292628012,37.490662671779255
2022-23,1627827,Dorian Finney-Smith,8042,-61.43632952184407,-0.7639,-0.64,-61.43632952184407,-1.6387101519037617,37.490662671779255
2022-23,1631113,Kennedy Chandler,1172,-17.77321842292947,-1.5165,-0.64,-17.77321842292947,-0.47407053266914095,37.490662671779255
2022-23,1631121,Bryce McGowens,3339,-32.1724359777278,-0.9635,-0.65,-32.1724359777278,-0.8581453003215465,37.490662671779255
2022-23,201599,DeAndre Jordan,2387,-26.28691604370447,-1.1013,-0.66,-26.28691604370447,-0.7011590132145543,37.490662671779255
2022-23,1630548,Johnny Juzang,1040,-17.574029330241338,-1.6898,-0.67,-17.574029330241338,-0.46875750061014587,37.490662671779255
2022-23,1629603,Mamadi Diakite,702,-15.430881994219181,-2.1981,-0.67,-15.430881994219181,-0.4115926712022253,37.490662671779255
2022-23,1627863,Danuel House Jr.,3339,-33.420420767687496,-1.0009,-0.68,-33.420420767687496,-0.8914331832508366,37.490662671779255
2022-23,201145,Jeff Green,4438,-40.88074267297157,-0.9212,-0.68,-40.88074267297157,-1.0904246486884364,37.490662671779255
2022-23,202687,Bismack Biyombo,3600,-35.44274149203712,-0.9845,-0.68,-35.44274149203712,-0.9453751672070687,37.490662671779255
2022-23,1628408,PJ Dozier,327,-13.205831914182326,-4.0385,-0.69,-13.205831914182326,-0.3522432246609205,37.490662671779255
2022-23,1628373,Frank Ntilikina,2546,-28.49406647078841,-1.1192,-0.69,-28.49406647078841,-0.7600310167960048,37.490662671779255
2022-23,203468,CJ McCollum,10984,-87.72039523160791,-0.7986,-0.7,-87.72039523160791,-2.33979313728265,37.490662671779255
2022-23,1630550,JT Thor,4042,-39.33415321610665,-0.9731,-0.7,-39.33415321610665,-1.0491719914493554,37.490662671779255
2022-23,203521,Matthew Dellavedova,909,-17.6691163135208,-1.9438,-0.7,-17.6691163135208,-0.4712937850207983,37.490662671779255
2022-23,1630225,Isaiah Todd,265,-13.209083891372652,-4.9846,-0.71,-13.209083891372652,-0.3523299656507716,37.490662671779255
2022-23,1630528,Josh Christopher,3222,-34.29562301478943,-1.0644,-0.71,-34.29562301478943,-0.9147777225235642,37.490662671779255
2022-23,1630593,McKinley Wright IV,1382,-21.26141060600272,-1.5385,-0.71,-21.26141060600272,-0.5671121578228877,37.490662671779255
2022-23,1630201,Malachi Flynn,2830,-32.14219804973159,-1.1358,-0.73,-32.14219804973159,-0.8573387547488278,37.490662671779255
2022-23,1630197,Aleksej Pokusevski,3026,-33.57077254333472,-1.1094,-0.73,-33.57077254333472,-0.8954435625008251,37.490662671779255
2022-23,1631110,Jeremy Sochan,6160,-56.75534396437832,-0.9214,-0.73,-56.75534396437832,-1.513852781458045,37.490662671779255
2022-23,203200,Justin Holiday,2957,-33.43773786087405,-1.1308,-0.73,-33.43773786087405,-0.891895087414499,37.490662671779255
2022-23,1627853,Ryan Arcidiacono,732,-17.189441039330358,-2.3483,-0.74,-17.189441039330358,-0.4584992585972493,37.490662671779255
2022-23,1628382,Justin Jackson,430,-15.096046244959346,-3.5107,-0.74,-15.096046244959346,-0.4026614940664347,37.490662671779255
2022-23,203458,Alex Len,674,-17.017710032431875,-2.5249,-0.75,-17.017710032431875,-0.4539186245230548,37.490662671779255
2022-23,1626159,Justise Winslow,3129,-35.82765426267013,-1.145,-0.76,-35.82765426267013,-0.955642064167595,37.490662671779255
2022-23,1630166,Deni Avdija,8290,-74.9323026444224,-0.9039,-0.76,-74.9323026444224,-1.998692402437234,37.490662671779255
2022-23,203471,Dennis Schroder,8314,-75.73361765056951,-0.9109,-0.76,-75.73361765056951,-2.020066124560057,37.490662671779255
2022-23,203115,Will Barton,4069,-43.552209070848384,-1.0703,-0.77,-43.552209070848384,-1.1616814952602026,37.490662671779255
2022-23,1630567,Scottie Barnes,10959,-98.59741290272682,-0.8997,-0.79,-98.59741290272682,-2.629919181901927,37.490662671779255
2022-23,1630563,Joshua Primo,404,-15.7373986365286,-3.8954,-0.79,-15.7373986365286,-0.41976848407042905,37.490662671779255
2022-23,1630549,Day'Ron Sharpe,2288,-30.789873617449324,-1.3457,-0.79,-30.789873617449324,-0.8212677883825754,37.490662671779255
2022-23,1630613,Duane Washington Jr.,1646,-25.800896415149964,-1.5675,-0.79,-25.800896415149964,-0.688195261871734,37.490662671779255
2022-23,201567,Kevin Love,5014,-52.980705979330004,-1.0567,-0.8,-52.980705979330004,-1.41317069914613,37.490662671779255
2022-23,1629027,Trae Young,10814,-100.04040087437055,-0.9251,-0.81,-100.04040087437055,-2.6684084447959098,37.490662671779255
2022-23,1630700,Dyson Daniels,4433,-49.370951154585065,-1.1137,-0.82,-49.370951154585065,-1.316886596185684,37.490662671779255
2022-23,1630699,MarJon Beauchamp,2909,-37.04422314836651,-1.2734,-0.82,-37.04422314836651,-0.988091981000144,37.490662671779255
2022-23,201565,Derrick Rose,1424,-25.00751588386971,-1.7561,-0.83,-25.00751588386971,-0.6670331784424255,37.490662671779255
2022-23,203095,Evan Fournier,1907,-29.208501119448762,-1.5316,-0.83,-29.208501119448762,-0.7790873523672119,37.490662671779255
2022-23,1630595,Cade Cunningham,1689,-27.42028461133718,-1.6235,-0.83,-27.42028461133718,-0.7313897023212007,37.490662671779255
2022-23,1629628,RJ Barrett,10104,-98.79848277777967,-0.9778,-0.84,-98.79848277777967,-2.63528238064859,37.490662671779255
2022-23,1630235,Trent Forrest,1137,-23.125604757630754,-2.0339,-0.84,-23.125604757630754,-0.616836382970588,37.490662671779255
2022-23,1626166,Cameron Payne,4004,-47.76178550401176,-1.1929,-0.85,-47.76178550401176,-1.2739648248459476,37.490662671779255
2022-23,1630202,Payton Pritchard,2629,-36.262707145254545,-1.3793,-0.86,-36.262707145254545,-0.9672463637872947,37.490662671779255
2022-23,1628415,Dillon Brooks,9254,-93.79472262691434,-1.0136,-0.86,-93.79472262691434,-2.50181554399457,37.490662671779255
2022-23,1631103,Malaki Branham,6673,-72.42000398820286,-1.0853,-0.88,-72.42000398820286,-1.9316810860939075,37.490662671779255
2022-23,1631223,David Roddy,5277,-60.43528788352771,-1.1453,-0.88,-60.43528788352771,-1.6120090597656949,37.490662671779255
2022-23,201937,Ricky Rubio,2281,-34.2332476105608,-1.5008,-0.88,-34.2332476105608,-0.9131139641425853,37.490662671779255
2022-23,200782,P.J. Tucker,7642,-81.82343648481523,-1.0707,-0.89,-81.82343648481523,-2.182501739197239,37.490662671779255
2022-23,1631133,Jabari Walker,2579,-37.16868332663781,-1.4412,-0.89,-37.16868332663781,-0.9914117456935801,37.490662671779255
2022-23,203935,Marcus Smart,8092,-88.03639556929647,-1.0879,-0.91,-88.03639556929647,-2.3482219116805596,37.490662671779255
2022-23,1628398,Kyle Kuzma,9190,-98.20429972792425,-1.0686,-0.91,-98.20429972792425,-2.619433553033636,37.490662671779255
2022-23,203943,Noah Vonleh,686,-20.869757007731295,-3.0422,-0.91,-20.869757007731295,-0.5566654606892507,37.490662671779255
2022-23,1629659,Talen Horton-Tucker,5571,-67.15194712419749,-1.2054,-0.94,-67.15194712419749,-1.7911645817545254,37.490662671779255
2022-23,1631157,Ryan Rollins,259,-17.433155788715712,-6.7309,-0.94,-17.433155788715712,-0.46499993722005767,37.490662671779255
2022-23,202704,Reggie Jackson,6699,-79.32376398945269,-1.1841,-0.96,-79.32376398945269,-2.1158272043338116,37.490662671779255
2022-23,1630195,Leandro Bolmaro,273,-18.1492391699943,-6.6481,-0.97,-18.1492391699943,-0.4841002499445274,37.490662671779255
2022-23,1631323,Simone Fontecchio,3330,-47.79366575370721,-1.4352,-0.97,-47.79366575370721,-1.2748151765715106,37.490662671779255
2022-23,200752,Rudy Gay,3465,-49.10674355268328,-1.4172,-0.97,-49.10674355268328,-1.309839305391844,37.490662671779255
2022-23,1631095,Jabari Smith Jr.,10073,-113.67050678601403,-1.1285,-0.97,-113.67050678601403,-3.031968460551604,37.490662671779255
2022-23,1630581,Josh Giddey,10176,-115.80507193415866,-1.138,-0.98,-115.80507193415866,-3.088904374617252,37.490662671779255
2022-23,203110,Draymond Green,9791,-116.40106769755126,-1.1889,-1.02,-116.40106769755126,-3.1048015532990583,37.490662671779255
2022-23,1630538,Bones Hyland,4408,-65.63859009756787,-1.4891,-1.09,-65.63859009756787,-1.7507983433692866,37.490662671779255
2022-23,1628432,Davon Reed,1419,-33.63499136548684,-2.3703,-1.11,-33.63499136548684,-0.8971564909362155,37.490662671779255
2022-23,1630163,LaMelo Ball,5509,-80.09488259905386,-1.4539,-1.13,-80.09488259905386,-2.136395488665089,37.490662671779255
2022-23,1629614,Andrew Nembhard,8742,-117.42313082658819,-1.3432,-1.14,-117.42313082658819,-3.132063358137901,37.490662671779255
2022-23,1630572,Sandro Mamukelashvili,2712,-49.80050352585702,-1.8363,-1.15,-49.80050352585702,-1.3283441789718986,37.490662671779255
2022-23,1627732,Ben Simmons,4540,-72.06040085800414,-1.5872,-1.17,-72.06040085800414,-1.922089280973071,37.490662671779255
2022-23,1631094,Paolo Banchero,10040,-140.3250432154303,-1.3977,-1.21,-140.3250432154303,-3.742933125614199,37.490662671779255
2022-23,203648,Thanasis Antetokounmpo,841,-31.455482498813186,-3.7402,-1.29,-31.455482498813186,-0.8390217792146685,37.490662671779255
2022-23,201609,Goran Dragic,3624,-72.55103261444849,-2.002,-1.39,-72.55103261444849,-1.9351760530245468,37.490662671779255
2022-23,203476,Gorgui Dieng,1514,-43.61927942753392,-2.8811,-1.4,-43.61927942753392,-1.1634704835550405,37.490662671779255
2022-23,1630533,Ziaire Williams,2317,-55.02930739284129,-2.375,-1.4,-55.02930739284129,-1.4678136760240326,37.490662671779255
2022-23,1630553,Keon Johnson,1720,-48.19117795289431,-2.8018,-1.45,-48.19117795289431,-1.2854181419729815,37.490662671779255
2022-23,1631093,Jaden Ivey,9577,-162.33397511379366,-1.695,-1.45,-162.33397511379366,-4.329984149252956,37.490662671779255
2022-23,202322,John Wall,3189,-70.05113073397814,-2.1966,-1.46,-70.05113073397814,-1.8684953997014428,37.490662671779255
2022-23,1630227,Daishen Nix,3766,-80.88321671482112,-2.1477,-1.51,-80.88321671482112,-2.1574229674981233,37.490662671779255
2022-23,1630165,Killian Hayes,8863,-183.58954213440722,-2.0714,-1.75,-183.58954213440722,-4.896940439321776,37.490662671779255
2022-23,201566,Russell Westbrook,9161,-194.3275098967848,-2.1212,-1.81,-194.3275098967848,-5.1833575628702615,37.490662671779255
2022-23,202397,Ish Smith,1642,-71.35414642989923,-4.3456,-2.2,-71.35414642989923,-1.9032511389458686,37.490662671779255
2022-23,1631104,Blake Wesley,2885,-99.55245522836255,-3.4507,-2.22,-99.55245522836255,-2.655393320195957,37.490662671779255
