playerId,player,inSiteArtifact,inM16a,drblSite,drblM16a,warSite,warM16a,positionShown,positionSource
1628983,Shai Gilgeous-Alexander,true,true,1.52,1.52,10.01,10.01,,artifact_or_null
202695,Kawhi Leonard,true,true,1.22,1.22,8.16,8.16,,artifact_or_null
1631105,Jalen Duren,true,true,1.2,1.2,6.64,6.64,,artifact_or_null
1630178,Tyrese Maxey,true,true,0.77,0.77,5.55,5.55,,artifact_or_null
1641705,Victor Wembanyama,true,true,0.55,0.55,5.45,5.45,,artifact_or_null
201142,Kevin Durant,true,true,0.56,0.56,5.32,5.32,,artifact_or_null
1628378,Donovan Mitchell,true,true,0.79,0.79,5.29,5.29,,artifact_or_null
203999,Nikola Jokić,true,true,0.75,0.75,5.18,5.18,,artifact_or_null
1630162,Anthony Edwards,true,true,0.94,0.94,4.91,4.91,,artifact_or_null
1628374,Lauri Markkanen,true,true,1.91,1.91,4.79,4.79,,artifact_or_null
1642851,Kon Knueppel,true,true,0.67,0.67,4.68,4.68,,artifact_or_null
1630217,Desmond Bane,true,true,0.34,0.34,4.29,4.29,,artifact_or_null
1626181,Norman Powell,true,true,0.73,0.73,4.16,4.16,,artifact_or_null
1629029,Luka Dončić,true,true,0.41,0.41,4.04,4.04,,artifact_or_null
1629627,Zion Williamson,true,true,0.68,0.68,4.02,4.02,,artifact_or_null
1630530,Trey Murphy III,true,true,0.58,0.58,3.95,3.95,,artifact_or_null
1631096,Chet Holmgren,true,true,0.36,0.36,3.8,3.8,,artifact_or_null
1630245,Ayo Dosunmu,true,true,0.41,0.41,3.79,3.79,,artifact_or_null
1629638,Nickeil Alexander-Walker,true,true,-0.06,-0.06,3.63,3.63,,artifact_or_null
1630198,Isaiah Joe,true,true,0.42,0.42,3.62,3.62,,artifact_or_null
203507,Giannis Antetokounmpo,true,true,1.17,1.17,3.61,3.61,,artifact_or_null
1629674,Neemias Queta,true,true,0.5,0.5,3.58,3.58,,artifact_or_null
202710,Jimmy Butler III,true,true,2.31,2.31,3.53,3.53,,artifact_or_null
1629750,Javonte Green,true,true,0.28,0.28,3.36,3.36,,artifact_or_null
1628384,OG Anunoby,true,true,0.16,0.16,3.35,3.35,,artifact_or_null
1629640,Keldon Johnson,true,true,0.94,0.94,3.32,3.32,,artifact_or_null
1630572,Sandro Mamukelashvili,true,true,0.5,0.5,3.17,3.17,,artifact_or_null
201939,Stephen Curry,true,true,0.72,0.72,3,3,,artifact_or_null
1629008,Michael Porter Jr.,true,true,0.68,0.68,2.98,2.98,,artifact_or_null
1630541,Moses Moody,true,true,0.33,0.33,2.96,2.96,,artifact_or_null
1627750,Jamal Murray,true,true,0.23,0.23,2.92,2.92,,artifact_or_null
203501,Tim Hardaway Jr.,true,true,0.36,0.36,2.88,2.88,,artifact_or_null
1630200,Tre Jones,true,true,0.31,0.31,2.79,2.79,,artifact_or_null
1631109,Mark Williams,true,true,0.71,0.71,2.72,2.72,,artifact_or_null
1630241,Sam Merrill,true,true,1.05,1.05,2.62,2.62,,artifact_or_null
1630577,Julian Champagnie,true,true,0.06,0.06,2.59,2.59,,artifact_or_null
1628379,Luke Kennard,true,true,0.77,0.77,2.58,2.58,,artifact_or_null
1630202,Payton Pritchard,true,true,0.36,0.36,2.52,2.52,,artifact_or_null
1630180,Saddiq Bey,true,true,0.24,0.24,2.52,2.52,,artifact_or_null
1628386,Jarrett Allen,true,true,0.32,0.32,2.51,2.51,,artifact_or_null
1629057,Robert Williams III,true,true,0.77,0.77,2.48,2.48,,artifact_or_null
1628969,Mikal Bridges,true,true,0.27,0.27,2.48,2.48,,artifact_or_null
1642266,Ja'Kobe Walter,true,true,0.15,0.15,2.42,2.42,,artifact_or_null
1628973,Jalen Brunson,true,true,0.43,0.43,2.42,2.42,,artifact_or_null
1642276,Kel'el Ware,true,true,0.25,0.25,2.4,2.4,,artifact_or_null
1642263,Reed Sheppard,true,true,0.39,0.39,2.38,2.38,,artifact_or_null
1629130,Duncan Robinson,true,true,0.4,0.4,2.37,2.37,,artifact_or_null
1629655,Daniel Gafford,true,true,0.49,0.49,2.33,2.33,,artifact_or_null
1629637,Jaxson Hayes,true,true,0.56,0.56,2.33,2.33,,artifact_or_null
1641717,Cason Wallace,true,true,0.2,0.2,2.26,2.26,,artifact_or_null
1630573,Sam Hauser,true,true,0.18,0.18,2.24,2.24,,artifact_or_null
1641750,Ryan Kalkbrenner,true,true,0.52,0.52,2.22,2.22,,artifact_or_null
1630230,Naji Marshall,true,true,0.52,0.52,2.2,2.2,,artifact_or_null
1641783,Tristan da Silva,true,true,0.3,0.3,2.19,2.19,,artifact_or_null
202699,Tobias Harris,true,true,0.15,0.15,2.19,2.19,,artifact_or_null
203924,Jerami Grant,true,true,0.41,0.41,2.14,2.14,,artifact_or_null
1630540,Miles McBride,true,true,0.61,0.61,2.13,2.13,,artifact_or_null
1630533,Ziaire Williams,true,true,0.13,0.13,2.12,2.12,,artifact_or_null
1630249,Vít Krejčí,true,true,0.49,0.49,2.07,2.07,,artifact_or_null
1629012,Collin Sexton,true,true,-0.02,-0.02,2.06,2.06,,artifact_or_null
1630551,Justin Champagnie,true,true,0.12,0.12,2.02,2.02,,artifact_or_null
203497,Rudy Gobert,true,true,0.32,0.32,1.98,1.98,,artifact_or_null
1629011,Mitchell Robinson,true,true,0.14,0.14,1.98,1.98,,artifact_or_null
1630194,Paul Reed,true,true,0.65,0.65,1.91,1.91,,artifact_or_null
1628963,Marvin Bagley III,true,true,0.46,0.46,1.91,1.91,,artifact_or_null
1641706,Brandon Miller,true,true,0.03,0.03,1.89,1.89,,artifact_or_null
1630568,Luka Garza,true,true,0.78,0.78,1.85,1.85,,artifact_or_null
1628381,John Collins,true,true,0.39,0.39,1.84,1.84,,artifact_or_null
1629680,Matisse Thybulle,true,true,1.6,1.6,1.79,1.79,,artifact_or_null
1628991,Jaren Jackson Jr.,true,true,0.18,0.18,1.78,1.78,,artifact_or_null
1627780,Gary Payton II,true,true,0.04,0.04,1.78,1.78,,artifact_or_null
1641708,Amen Thompson,true,true,-0.26,-0.26,1.75,1.75,,artifact_or_null
1629013,Landry Shamet,true,true,0.78,0.78,1.7,1.7,,artifact_or_null
1630532,Franz Wagner,true,true,0.64,0.64,1.69,1.69,,artifact_or_null
202331,Paul George,true,true,0.1,0.1,1.68,1.68,,artifact_or_null
1631169,Josh Minott,true,true,0.14,0.14,1.64,1.64,,artifact_or_null
1631255,Karlo Matković,true,true,0.69,0.69,1.6,1.6,,artifact_or_null
1631165,Keon Ellis,true,true,0.25,0.25,1.57,1.57,,artifact_or_null
1630596,Evan Mobley,true,true,-0.28,-0.28,1.56,1.56,,artifact_or_null
1642396,Blake Hinson,true,true,0.83,0.83,1.55,1.55,,artifact_or_null
1641739,Toumani Camara,true,true,-0.22,-0.22,1.52,1.52,,artifact_or_null
1628436,Luke Kornet,true,true,0.34,0.34,1.51,1.51,,artifact_or_null
1630193,Immanuel Quickley,true,true,0.17,0.17,1.5,1.5,,artifact_or_null
1629028,Deandre Ayton,true,true,0.05,0.05,1.5,1.5,,artifact_or_null
1629661,Cameron Johnson,true,true,-0.18,-0.18,1.49,1.49,,artifact_or_null
1630170,Devin Vassell,true,true,0.05,0.05,1.48,1.48,,artifact_or_null
1629639,Tyler Herro,true,true,1,1,1.45,1.45,,artifact_or_null
203932,Aaron Gordon,true,true,0.67,0.67,1.44,1.44,,artifact_or_null
1630549,Day'Ron Sharpe,true,true,0.41,0.41,1.43,1.43,,artifact_or_null
1630538,Bones Hyland,true,true,0.11,0.11,1.4,1.4,,artifact_or_null
1629004,Svi Mykhailiuk,true,true,0.08,0.08,1.39,1.39,,artifact_or_null
1627783,Pascal Siakam,true,true,0.1,0.1,1.37,1.37,,artifact_or_null
1628960,Grayson Allen,true,true,0.14,0.14,1.35,1.35,,artifact_or_null
1642270,Donovan Clingan,true,true,0.37,0.37,1.33,1.33,,artifact_or_null
1629048,Goga Bitadze,true,true,0.46,0.46,1.33,1.33,,artifact_or_null
1626171,Bobby Portis,true,true,-0.02,-0.02,1.29,1.29,,artifact_or_null
1631323,Simone Fontecchio,true,true,0.27,0.27,1.29,1.29,,artifact_or_null
1630559,Austin Reaves,true,true,0.27,0.27,1.28,1.28,,artifact_or_null
1627936,Alex Caruso,true,true,0.5,0.5,1.28,1.28,,artifact_or_null
1630692,Jordan Goodwin,true,true,0.16,0.16,1.27,1.27,,artifact_or_null
1629723,John Konchar,true,true,0.58,0.58,1.21,1.21,,artifact_or_null
1642349,Ajay Mitchell,true,true,0.16,0.16,1.16,1.16,,artifact_or_null
1630183,Jaden McDaniels,true,true,0.08,0.08,1.16,1.16,,artifact_or_null
201950,Jrue Holiday,true,true,0.1,0.1,1.14,1.14,,artifact_or_null
1626157,Karl-Anthony Towns,true,true,-0.14,-0.14,1.13,1.13,,artifact_or_null
1642867,Collin Murray-Boyles,true,true,0.1,0.1,1.12,1.12,,artifact_or_null
1629731,Dean Wade,true,true,0.18,0.18,1.09,1.09,,artifact_or_null
1628978,Donte DiVincenzo,true,true,0.15,0.15,1.09,1.09,,artifact_or_null
1631095,Jabari Smith Jr.,true,true,0.16,0.16,1.08,1.08,,artifact_or_null
1631221,Collin Gillespie,true,true,0.11,0.11,1.07,1.07,,artifact_or_null
1642504,Cormac Ryan,true,true,0.92,0.92,1.07,1.07,,artifact_or_null
1630188,Jalen Smith,true,true,0.29,0.29,1.04,1.04,,artifact_or_null
1641765,Olivier-Maxence Prosper,true,true,0.02,0.02,1.02,1.02,,artifact_or_null
203468,CJ McCollum,true,true,-0.12,-0.12,1.02,1.02,,artifact_or_null
1629060,Rui Hachimura,true,true,-0.09,-0.09,1.02,1.02,,artifact_or_null
1627884,Derrick Jones Jr.,true,true,0.4,0.4,1.01,1.01,,artifact_or_null
1631248,Baylor Scheierman,true,true,0.23,0.23,1,1,,artifact_or_null
1642066,Myron Gardner,true,true,0.9,0.9,0.99,0.99,,artifact_or_null
1642843,Cooper Flagg,true,true,-0.05,-0.05,0.98,0.98,,artifact_or_null
1627751,Jakob Poeltl,true,true,0.02,0.02,0.98,0.98,,artifact_or_null
1630695,Micah Potter,true,true,-0.07,-0.07,0.96,0.96,,artifact_or_null
1641775,Jordan Walsh,true,true,0.19,0.19,0.95,0.95,,artifact_or_null
1642364,Jamir Watkins,true,true,-0.04,-0.04,0.94,0.94,,artifact_or_null
203084,Harrison Barnes,true,true,-0.09,-0.09,0.91,0.91,,artifact_or_null
1641718,Keyonte George,true,true,0.1,0.1,0.9,0.9,,artifact_or_null
1631121,Bryce McGowens,true,true,0.23,0.23,0.89,0.89,,artifact_or_null
1642928,Dylan Cardwell,true,true,0.28,0.28,0.89,0.89,,artifact_or_null
1642844,Dylan Harper,true,true,-0.18,-0.18,0.88,0.88,,artifact_or_null
1641709,Ausar Thompson,true,true,-0.04,-0.04,0.87,0.87,,artifact_or_null
1642875,Maxime Raynaud,true,true,0.11,0.11,0.86,0.86,,artifact_or_null
1630264,Anthony Gill,true,true,0.38,0.38,0.85,0.85,,artifact_or_null
1630643,Jay Huff,true,true,0.2,0.2,0.83,0.83,,artifact_or_null
1628970,Miles Bridges,true,true,-0.18,-0.18,0.82,0.82,,artifact_or_null
1631108,Max Christie,true,true,0.26,0.26,0.8,0.8,,artifact_or_null
1630167,Obi Toppin,true,true,-0.2,-0.2,0.8,0.8,,artifact_or_null
203897,Zach LaVine,true,true,-0.04,-0.04,0.8,0.8,,artifact_or_null
1642281,Jaylon Tyson,true,true,0.14,0.14,0.8,0.8,,artifact_or_null
1642285,Cam Spencer,true,true,0.02,0.02,0.78,0.78,,artifact_or_null
1630543,Isaiah Jackson,true,true,0.16,0.16,0.77,0.77,,artifact_or_null
1631159,Leonard Miller,true,true,-1.16,-1.16,0.76,0.76,,artifact_or_null
201942,DeMar DeRozan,true,true,0.22,0.22,0.75,0.75,,artifact_or_null
1642854,Asa Newell,true,true,0.32,0.32,0.75,0.75,,artifact_or_null
1642967,John Poulakidas,true,true,0.54,0.54,0.75,0.75,,artifact_or_null
1631245,Quenton Jackson,true,true,0.53,0.53,0.74,0.74,,artifact_or_null
1641757,Jordan Miller,true,true,0.42,0.42,0.71,0.71,,artifact_or_null
1631157,Ryan Rollins,true,true,-0.01,-0.01,0.71,0.71,,artifact_or_null
1630696,Dru Smith,true,true,0.3,0.3,0.71,0.71,,artifact_or_null
1631217,Moussa Diabaté,true,true,0.07,0.07,0.7,0.7,,artifact_or_null
1631103,Malaki Branham,true,true,1.02,1.02,0.66,0.66,,artifact_or_null
1642914,Javon Small,true,true,-0.21,-0.21,0.66,0.66,,artifact_or_null
1630191,Isaiah Stewart,true,true,0.09,0.09,0.65,0.65,,artifact_or_null
1626162,Kelly Oubre Jr.,true,true,0.16,0.16,0.65,0.65,,artifact_or_null
1642864,Hugo González,true,true,-0.3,-0.3,0.64,0.64,,artifact_or_null
1629660,Ty Jerome,true,true,0.97,0.97,0.64,0.64,,artifact_or_null
1631342,Daeqwon Plowden,true,true,-0.3,-0.3,0.64,0.64,,artifact_or_null
1630168,Onyeka Okongwu,true,true,-0.16,-0.16,0.63,0.63,,artifact_or_null
1631101,Shaedon Sharpe,true,true,0.04,0.04,0.63,0.63,,artifact_or_null
1641729,Brice Sensabaugh,true,true,0.02,0.02,0.62,0.62,,artifact_or_null
1642377,Jaylen Wells,true,true,-0.12,-0.12,0.62,0.62,,artifact_or_null
1630182,Josh Green,true,true,0.13,0.13,0.61,0.61,,artifact_or_null
1628988,Aaron Holiday,true,true,-0.02,-0.02,0.59,0.59,,artifact_or_null
1642419,Jamison Battle,true,true,0.09,0.09,0.58,0.58,,artifact_or_null
204456,T.J. McConnell,true,true,0.21,0.21,0.57,0.57,,artifact_or_null
1641740,Jaylen Clark,true,true,0.03,0.03,0.55,0.55,,artifact_or_null
1630639,A.J. Lawson,true,true,-0.18,-0.18,0.55,0.55,,artifact_or_null
1629675,Naz Reid,true,true,0.18,0.18,0.55,0.55,,artifact_or_null
1641744,Zach Edey,true,true,1.74,1.74,0.55,0.55,,artifact_or_null
1630595,Cade Cunningham,true,true,0.11,0.11,0.54,0.54,,artifact_or_null
2544,LeBron James,true,true,0.01,0.01,0.53,0.53,,artifact_or_null
1629628,RJ Barrett,true,true,0,0,0.52,0.52,,artifact_or_null
1630173,Precious Achiuwa,true,true,0,0,0.52,0.52,,artifact_or_null
1629023,P.J. Washington,true,true,0.03,0.03,0.52,0.52,,artifact_or_null
1641764,Brandin Podziemski,true,true,-0.15,-0.15,0.52,0.52,,artifact_or_null
1629726,Garrison Mathews,true,true,0.83,0.83,0.49,0.49,,artifact_or_null
1629599,Amir Coffey,true,true,0.13,0.13,0.48,0.48,,artifact_or_null
1631106,Tari Eason,true,true,0.5,0.5,0.46,0.46,,artifact_or_null
1631117,Walker Kessler,true,true,0.71,0.71,0.46,0.46,,artifact_or_null
1630604,E.J. Liddell,true,true,1.81,1.81,0.44,0.44,,artifact_or_null
1631131,Oscar Tshiebwe,true,true,-0.33,-0.33,0.44,0.44,,artifact_or_null
1641707,Taylor Hendricks,true,true,-0.39,-0.39,0.44,0.44,,artifact_or_null
1642348,Justin Edwards,true,true,-0.51,-0.51,0.43,0.43,,artifact_or_null
1628976,Wendell Carter Jr.,true,true,-0.23,-0.23,0.43,0.43,,artifact_or_null
1630611,Gui Santos,true,true,0.09,0.09,0.43,0.43,,artifact_or_null
203648,Thanasis Antetokounmpo,true,true,0.85,0.85,0.41,0.41,,artifact_or_null
1630166,Deni Avdija,true,true,-0.03,-0.03,0.39,0.39,,artifact_or_null
1641710,Anthony Black,true,true,0.04,0.04,0.39,0.39,,artifact_or_null
1642907,Cedric Coward,true,true,-0.15,-0.15,0.38,0.38,,artifact_or_null
1642862,Liam McNeeley,true,true,0.11,0.11,0.38,0.38,,artifact_or_null
1642954,Will Richard,true,true,0.15,0.15,0.38,0.38,,artifact_or_null
1642955,Kadary Richmond,true,true,0.62,0.62,0.38,0.38,,artifact_or_null
203954,Joel Embiid,true,true,0.02,0.02,0.37,0.37,,artifact_or_null
1630631,Jose Alvarado,true,true,-0.03,-0.03,0.36,0.36,,artifact_or_null
1642357,David Jones Garcia,true,true,1.3,1.3,0.35,0.35,,artifact_or_null
1629312,Haywood Highsmith,true,true,0.74,0.74,0.33,0.33,,artifact_or_null
1631128,Christian Braun,true,true,-0.38,-0.38,0.33,0.33,,artifact_or_null
1629610,DaQuan Jeffries,true,true,0.6,0.6,0.33,0.33,,artifact_or_null
1629646,Charles Bassey,true,true,-0.3,-0.3,0.32,0.32,,artifact_or_null
1641810,Antonio Reeves,true,true,0.34,0.34,0.31,0.31,,artifact_or_null
202696,Nikola Vučević,true,true,-0.02,-0.02,0.3,0.3,,artifact_or_null
1643052,Chaney Johnson,true,true,0.08,0.08,0.3,0.3,,artifact_or_null
1642949,Yanic Konan Niederhäuser,true,true,-0.13,-0.13,0.29,0.29,,artifact_or_null
1631214,Alondes Williams,true,true,0.74,0.74,0.29,0.29,,artifact_or_null
1641871,Duop Reath,true,true,0.2,0.2,0.26,0.26,,artifact_or_null
1641869,Malachi Smith,true,true,0.13,0.13,0.26,0.26,,artifact_or_null
1626192,Pat Connaughton,true,true,0.48,0.48,0.25,0.25,,artifact_or_null
1630623,Tyson Etienne,true,true,0.14,0.14,0.25,0.25,,artifact_or_null
1631288,Jamal Cain,true,true,-0.86,-0.86,0.24,0.24,,artifact_or_null
1631123,Jamaree Bouyea,true,true,0.46,0.46,0.24,0.24,,artifact_or_null
1641763,Julian Phillips,true,true,0.21,0.21,0.23,0.23,,artifact_or_null
1628392,Isaiah Hartenstein,true,true,-0.14,-0.14,0.23,0.23,,artifact_or_null
202691,Klay Thompson,true,true,0.01,0.01,0.23,0.23,,artifact_or_null
1628380,Zach Collins,true,true,0.48,0.48,0.23,0.23,,artifact_or_null
203552,Seth Curry,true,true,0.65,0.65,0.23,0.23,,artifact_or_null
1631199,Ron Harper Jr.,true,true,-0.16,-0.16,0.23,0.23,,artifact_or_null
1631223,David Roddy,true,true,0.21,0.21,0.22,0.22,,artifact_or_null
1642400,Tristan Enaruna,true,true,-0.49,-0.49,0.21,0.21,,artifact_or_null
1628418,Thomas Bryant,true,true,0.09,0.09,0.21,0.21,,artifact_or_null
201959,Taj Gibson,true,true,0.32,0.32,0.21,0.21,,artifact_or_null
201569,Eric Gordon,true,true,0.1,0.1,0.2,0.2,,artifact_or_null
1631216,Caleb Houstan,true,true,-0.05,-0.05,0.2,0.2,,artifact_or_null
1642275,Tidjane Salaün,true,true,0.19,0.19,0.19,0.19,,artifact_or_null
203937,Kyle Anderson,true,true,0.16,0.16,0.19,0.19,,artifact_or_null
1630567,Scottie Barnes,true,true,-0.11,-0.11,0.18,0.18,,artifact_or_null
1641725,Trey Alexander,true,true,0.1,0.1,0.18,0.18,,artifact_or_null
1642886,Koby Brea,true,true,0.42,0.42,0.18,0.18,,artifact_or_null
1642866,Joan Beringer,true,true,-0.03,-0.03,0.17,0.17,,artifact_or_null
1642362,Payton Sandfort,true,true,0.3,0.3,0.17,0.17,,artifact_or_null
1631124,Julian Strawther,true,true,0.06,0.06,0.17,0.17,,artifact_or_null
1642939,Miles Kelly,true,true,0.02,0.02,0.16,0.16,,artifact_or_null
1627746,Skal Labissiere,true,true,0.24,0.24,0.16,0.16,,artifact_or_null
1627752,Taurean Prince,true,true,0.01,0.01,0.15,0.15,,artifact_or_null
1643024,Chris Mañon,true,true,0.47,0.47,0.15,0.15,,artifact_or_null
1629684,Grant Williams,true,true,-0.38,-0.38,0.14,0.14,,artifact_or_null
1642434,Riley Minix,true,true,0.31,0.31,0.14,0.14,,artifact_or_null
1626220,Royce O'Neale,true,true,-0.26,-0.26,0.14,0.14,,artifact_or_null
1641715,Cam Whitmore,true,true,-0.27,-0.27,0.14,0.14,,artifact_or_null
1631114,Jalen Williams,true,true,-0.09,-0.09,0.14,0.14,,artifact_or_null
1628404,Josh Hart,true,true,-0.07,-0.07,0.14,0.14,,artifact_or_null
1631207,Dalen Terry,true,true,-0.13,-0.13,0.14,0.14,,artifact_or_null
1630699,MarJon Beauchamp,true,true,-0.06,-0.06,0.13,0.13,,artifact_or_null
1628368,De'Aaron Fox,true,true,-0.01,-0.01,0.13,0.13,,artifact_or_null
1642389,Zyon Pullin,true,true,0.23,0.23,0.13,0.13,,artifact_or_null
1629001,De'Anthony Melton,true,true,0.35,0.35,0.13,0.13,,artifact_or_null
1643133,Lawson Lovering,true,true,0.36,0.36,0.12,0.12,,artifact_or_null
1626167,Myles Turner,true,true,-0.04,-0.04,0.12,0.12,,artifact_or_null
1631210,Jacob Toppin,true,true,0.2,0.2,0.11,0.11,,artifact_or_null
1630846,Olivier Sarr,true,true,0.23,0.23,0.11,0.11,,artifact_or_null
1630619,Moussa Cisse,true,true,-0.28,-0.28,0.11,0.11,,artifact_or_null
1641747,DaRon Holmes II,true,true,-0.12,-0.12,0.1,0.1,,artifact_or_null
1628389,Bam Adebayo,true,true,-0.47,-0.47,0.1,0.1,,artifact_or_null
1641801,Emanuel Miller,true,true,0.1,0.1,0.1,0.1,,artifact_or_null
1642261,Dalton Knecht,true,true,-0.06,-0.06,0.1,0.1,,artifact_or_null
1629014,Anfernee Simons,true,true,-0.64,-0.64,0.09,0.09,,artifact_or_null
1641815,Isaiah Stevens,true,true,0.24,0.24,0.09,0.09,,artifact_or_null
201935,James Harden,true,true,-0.29,-0.29,0.09,0.09,,artifact_or_null
1631243,Mouhamed Gueye,true,true,-0.2,-0.2,0.08,0.08,,artifact_or_null
1629622,Max Strus,true,true,0.01,0.01,0.08,0.08,,artifact_or_null
1643018,LJ Cryer,true,true,1.03,1.03,0.08,0.08,,artifact_or_null
1642853,Rasheer Fleming,true,true,-0.32,-0.32,0.08,0.08,,artifact_or_null
1629026,Kenrich Williams,true,true,0.17,0.17,0.08,0.08,,artifact_or_null
1642352,Keshad Johnson,true,true,-0.55,-0.55,0.08,0.08,,artifact_or_null
203991,Clint Capela,true,true,-0.09,-0.09,0.07,0.07,,artifact_or_null
1630583,Santi Aldama,true,true,-0.8,-0.8,0.07,0.07,,artifact_or_null
1631111,Wendell Moore Jr.,true,true,0.47,0.47,0.07,0.07,,artifact_or_null
1631211,Trevor Keels,true,true,0.08,0.08,0.07,0.07,,artifact_or_null
1630828,Alex Antetokounmpo,true,true,0.14,0.14,0.07,0.07,,artifact_or_null
1642402,Enrique Freeman,true,true,0.15,0.15,0.07,0.07,,artifact_or_null
1641771,Jalen Slawson,true,true,0.7,0.7,0.06,0.06,,artifact_or_null
1642884,Vladislav Goldin,true,true,0.11,0.11,0.06,0.06,,artifact_or_null
1642366,Quinten Post,true,true,0.15,0.15,0.06,0.06,,artifact_or_null
1642911,Rocco Zikarsky,true,true,0.11,0.11,0.06,0.06,,artifact_or_null
1641753,Chris Livingston,true,true,0.11,0.11,0.05,0.05,,artifact_or_null
1628420,Monté Morris,true,true,0.17,0.17,0.05,0.05,,artifact_or_null
1641813,Mark Sears,true,true,0.18,0.18,0.05,0.05,,artifact_or_null
1642368,N'Faly Dante,true,true,0.08,0.08,0.04,0.04,,artifact_or_null
1630658,Colin Castleton,true,true,0.06,0.06,0.04,0.04,,artifact_or_null
1641726,Dereck Lively II,true,true,0.38,0.38,0.04,0.04,,artifact_or_null
1629632,Coby White,true,true,-0.42,-0.42,0.03,0.03,,artifact_or_null
1630644,Mac McClung,true,true,-0.04,-0.04,0.03,0.03,,artifact_or_null
1643047,CJ Huntley,true,true,0.05,0.05,0.03,0.03,,artifact_or_null
1641774,Tristan Vukcevic,true,true,-0.25,-0.25,0.03,0.03,,artifact_or_null
203952,Andrew Wiggins,true,true,-0.05,-0.05,0.03,0.03,,artifact_or_null
1641794,Dillon Jones,true,true,0.09,0.09,0.03,0.03,,artifact_or_null
1631338,Mouhamadou Gueye,true,true,0.04,0.04,0.02,0.02,,artifact_or_null
1642449,Tolu Smith,true,true,-0.14,-0.14,0.02,0.02,,artifact_or_null
1641807,Norchad Omier,true,true,-0.06,-0.06,0.02,0.02,,artifact_or_null
1643007,Taelon Peter,true,true,0.05,0.05,0.02,0.02,,artifact_or_null
1631116,Patrick Baldwin Jr.,true,true,-0.06,-0.06,0.01,0.01,,artifact_or_null
1631205,Buddy Boeheim,true,true,-0.01,-0.01,0,0,,artifact_or_null
1631119,Jaylin Williams,true,true,-0.4,-0.4,0,0,,artifact_or_null
203926,Doug McDermott,true,true,0.15,0.15,0,0,,artifact_or_null
1628449,Chris Boucher,true,true,0.09,0.09,-0.01,-0.01,,artifact_or_null
1631115,Orlando Robinson,true,true,-0.07,-0.07,-0.01,-0.01,,artifact_or_null
201599,DeAndre Jordan,true,true,-0.19,-0.19,-0.01,-0.01,,artifact_or_null
1642845,VJ Edgecombe,true,true,-0.37,-0.37,-0.01,-0.01,,artifact_or_null
1643060,Hayden Gray,true,true,-0.03,-0.03,-0.02,-0.02,,artifact_or_null
1641772,Nae'Qwan Tomlin,true,true,0.03,0.03,-0.02,-0.02,,artifact_or_null
1629634,Brandon Clarke,true,true,-0.07,-0.07,-0.02,-0.02,,artifact_or_null
1641803,Tristen Newton,true,true,-0.03,-0.03,-0.03,-0.03,,artifact_or_null
1628415,Dillon Brooks,true,true,-0.07,-0.07,-0.03,-0.03,,artifact_or_null
1642910,John Tonje,true,true,-0.13,-0.13,-0.03,-0.03,,artifact_or_null
1641767,Ben Sheppard,true,true,-0.24,-0.24,-0.04,-0.04,,artifact_or_null
1630534,Ochai Agbaji,true,true,-0.24,-0.24,-0.04,-0.04,,artifact_or_null
1642490,Josh Oduro,true,true,-0.11,-0.11,-0.04,-0.04,,artifact_or_null
1631250,Pete Nance,true,true,0.74,0.74,-0.05,-0.05,,artifact_or_null
1631466,Nate Williams,true,true,-0.64,-0.64,-0.05,-0.05,,artifact_or_null
203486,Mason Plumlee,true,true,0.03,0.03,-0.05,-0.05,,artifact_or_null
1630163,LaMelo Ball,true,true,-0.5,-0.5,-0.05,-0.05,,artifact_or_null
1631127,Harrison Ingram,true,true,-0.04,-0.04,-0.05,-0.05,,artifact_or_null
1642367,Jonathan Mogbo,true,true,-0.81,-0.81,-0.06,-0.06,,artifact_or_null
1642938,Curtis Jones,true,true,-0.47,-0.47,-0.06,-0.06,,artifact_or_null
1641824,Matas Buzelis,true,true,-0.24,-0.24,-0.07,-0.07,,artifact_or_null
204001,Kristaps Porziņģis,true,true,-0.31,-0.31,-0.07,-0.07,,artifact_or_null
1631218,Trayce Jackson-Davis,true,true,-0.02,-0.02,-0.07,-0.07,,artifact_or_null
1642461,Spencer Jones,true,true,-0.16,-0.16,-0.07,-0.07,,artifact_or_null
1631166,Drew Timme,true,true,0.49,0.49,-0.08,-0.08,,artifact_or_null
1642384,Isaiah Crawford,true,true,0.73,0.73,-0.09,-0.09,,artifact_or_null
1642359,Pacôme Dadiet,true,true,0.09,0.09,-0.09,-0.09,,artifact_or_null
203939,Dwight Powell,true,true,-0.23,-0.23,-0.09,-0.09,,artifact_or_null
1642346,Ryan Dunn,true,true,-0.35,-0.35,-0.1,-0.1,,artifact_or_null
1631133,Jabari Walker,true,true,-0.3,-0.3,-0.1,-0.1,,artifact_or_null
1630592,Jalen Wilson,true,true,-0.36,-0.36,-0.1,-0.1,,artifact_or_null
1630164,James Wiseman,true,true,-0.24,-0.24,-0.1,-0.1,,artifact_or_null
1629645,Kevin Porter Jr.,true,true,-0.18,-0.18,-0.1,-0.1,,artifact_or_null
203944,Julius Randle,true,true,0.03,0.03,-0.11,-0.11,,artifact_or_null
1626164,Devin Booker,true,true,-0.21,-0.21,-0.11,-0.11,,artifact_or_null
1628998,Cody Martin,true,true,-0.19,-0.19,-0.11,-0.11,,artifact_or_null
1642885,Mohamed Diawara,true,true,0.16,0.16,-0.11,-0.11,,artifact_or_null
1641761,Grant Nelson,true,true,-0.19,-0.19,-0.12,-0.12,,artifact_or_null
1642859,Jase Richardson,true,true,-0.25,-0.25,-0.13,-0.13,,artifact_or_null
1631102,TyTy Washington Jr.,true,true,0.34,0.34,-0.13,-0.13,,artifact_or_null
1626166,Cameron Payne,true,true,-1.04,-1.04,-0.13,-0.13,,artifact_or_null
1643141,Jahmyl Telfort,true,true,-0.23,-0.23,-0.14,-0.14,,artifact_or_null
1641755,Kevin McCullar Jr.,true,true,-0.9,-0.9,-0.14,-0.14,,artifact_or_null
1630557,Corey Kispert,true,true,-0.12,-0.12,-0.15,-0.15,,artifact_or_null
203967,Dario Šarić,true,true,-0.27,-0.27,-0.15,-0.15,,artifact_or_null
1627742,Brandon Ingram,true,true,-0.07,-0.07,-0.15,-0.15,,artifact_or_null
1642935,Chucky Hepburn,true,true,-0.22,-0.22,-0.15,-0.15,,artifact_or_null
204060,Joe Ingles,true,true,-0.64,-0.64,-0.16,-0.16,,artifact_or_null
1641713,GG Jackson,true,true,-0.15,-0.15,-0.17,-0.17,,artifact_or_null
1642443,Jahmir Young,true,true,-0.92,-0.92,-0.17,-0.17,,artifact_or_null
1630209,Omer Yurtseven,true,true,-0.25,-0.25,-0.17,-0.17,,artifact_or_null
1631457,Alex Morales,true,true,-0.31,-0.31,-0.17,-0.17,,artifact_or_null
202066,Garrett Temple,true,true,-0.65,-0.65,-0.17,-0.17,,artifact_or_null
1642951,Sean Pedulla,true,true,-0.39,-0.39,-0.18,-0.18,,artifact_or_null
1629027,Trae Young,true,true,-0.7,-0.7,-0.18,-0.18,,artifact_or_null
1628975,Jevon Carter,true,true,0.08,0.08,-0.19,-0.19,,artifact_or_null
1628964,Mo Bamba,true,true,-0.42,-0.42,-0.19,-0.19,,artifact_or_null
1631230,Dominick Barlow,true,true,0.08,0.08,-0.21,-0.21,,artifact_or_null
1642382,Branden Carlson,true,true,-0.4,-0.4,-0.21,-0.21,,artifact_or_null
1641733,Nick Smith Jr.,true,true,-0.48,-0.48,-0.21,-0.21,,artifact_or_null
1641809,Drew Peterson,true,true,-0.48,-0.48,-0.22,-0.22,,artifact_or_null
1631204,Marcus Sasser,true,true,0.32,0.32,-0.22,-0.22,,artifact_or_null
1641842,Ronald Holland II,true,true,-0.3,-0.3,-0.23,-0.23,,artifact_or_null
203076,Anthony Davis,true,true,-0.32,-0.32,-0.23,-0.23,,artifact_or_null
1642282,Hunter Sallis,true,true,-0.49,-0.49,-0.24,-0.24,,artifact_or_null
1630314,Brandon Williams,true,true,-0.16,-0.16,-0.25,-0.25,,artifact_or_null
1642403,Isaac Jones,true,true,-0.28,-0.28,-0.26,-0.26,,artifact_or_null
1629021,Moritz Wagner,true,true,1.13,1.13,-0.26,-0.26,,artifact_or_null
1642863,Khaman Maluach,true,true,-0.55,-0.55,-0.28,-0.28,,artifact_or_null
1628396,Tony Bradley,true,true,0.01,0.01,-0.28,-0.28,,artifact_or_null
1643016,Bez Mbeng,true,true,-0.18,-0.18,-0.28,-0.28,,artifact_or_null
1642959,Chris Youngblood,true,true,-0.49,-0.49,-0.28,-0.28,,artifact_or_null
1642876,Adou Thiero,true,true,-0.18,-0.18,-0.29,-0.29,,artifact_or_null
1642380,Adama Bal,true,true,-0.26,-0.26,-0.29,-0.29,,artifact_or_null
202685,Jonas Valančiūnas,true,true,-0.63,-0.63,-0.29,-0.29,,artifact_or_null
1642530,Yuki Kawamura,true,true,-0.25,-0.25,-0.29,-0.29,,artifact_or_null
1642277,Johnny Furphy,true,true,0.08,0.08,-0.29,-0.29,,artifact_or_null
1641890,Tyler Smith,true,true,-0.34,-0.34,-0.3,-0.3,,artifact_or_null
1627741,Buddy Hield,true,true,-0.35,-0.35,-0.3,-0.3,,artifact_or_null
1642917,Max Shulga,true,true,-0.55,-0.55,-0.3,-0.3,,artifact_or_null
1641727,Dariq Whitehead,true,true,-0.33,-0.33,-0.3,-0.3,,artifact_or_null
1630679,Ethan Thompson,true,true,-0.39,-0.39,-0.31,-0.31,,artifact_or_null
1631093,Jaden Ivey,true,true,-0.36,-0.36,-0.31,-0.31,,artifact_or_null
1642873,Amari Williams,true,true,-0.32,-0.32,-0.32,-0.32,,artifact_or_null
1642950,Lachlan Olbrich,true,true,-0.53,-0.53,-0.32,-0.32,,artifact_or_null
1626204,Larry Nance Jr.,true,true,-0.43,-0.43,-0.32,-0.32,,artifact_or_null
1626172,Kevon Looney,true,true,-0.38,-0.38,-0.33,-0.33,,artifact_or_null
1641752,Bobi Klintman,true,true,-1.25,-1.25,-0.33,-0.33,,artifact_or_null
1642857,Kasparas Jakučionis,true,true,-0.44,-0.44,-0.33,-0.33,,artifact_or_null
1630548,Johnny Juzang,true,true,-0.82,-0.82,-0.34,-0.34,,artifact_or_null
1642271,Kyle Filipowski,true,true,-0.15,-0.15,-0.34,-0.34,,artifact_or_null
1642918,Alijah Martin,true,true,-0.45,-0.45,-0.34,-0.34,,artifact_or_null
1630286,Trevon Scott,true,true,-0.42,-0.42,-0.37,-0.37,,artifact_or_null
1631110,Jeremy Sochan,true,true,-0.85,-0.85,-0.37,-0.37,,artifact_or_null
1628997,Caleb Martin,true,true,-0.12,-0.12,-0.37,-0.37,,artifact_or_null
1630591,Jalen Suggs,true,true,-0.18,-0.18,-0.38,-0.38,,artifact_or_null
1641778,Leaky Black,true,true,0.48,0.48,-0.38,-0.38,,artifact_or_null
1631247,Luke Travers,true,true,-0.97,-0.97,-0.38,-0.38,,artifact_or_null
1630700,Dyson Daniels,true,true,-0.61,-0.61,-0.38,-0.38,,artifact_or_null
1628369,Jayson Tatum,true,true,0.04,0.04,-0.39,-0.39,,artifact_or_null
1630625,Dalano Banton,true,true,-0.84,-0.84,-0.4,-0.4,,artifact_or_null
1631120,JD Davison,true,true,-0.69,-0.69,-0.4,-0.4,,artifact_or_null
1641711,Gradey Dick,true,true,-0.23,-0.23,-0.4,-0.4,,artifact_or_null
1629651,Nic Claxton,true,true,0.19,0.19,-0.4,-0.4,,artifact_or_null
1642345,Oso Ighodaro,true,true,-0.39,-0.39,-0.4,-0.4,,artifact_or_null
203914,Gary Harris,true,true,-0.53,-0.53,-0.41,-0.41,,artifact_or_null
1627749,Dejounte Murray,true,true,0.38,0.38,-0.42,-0.42,,artifact_or_null
1628989,Kevin Huerter,true,true,-0.42,-0.42,-0.42,-0.42,,artifact_or_null
1642933,Keshon Gilbert,true,true,-0.96,-0.96,-0.43,-0.43,,artifact_or_null
1642882,Julian Reese,true,true,-0.62,-0.62,-0.43,-0.43,,artifact_or_null
1631260,AJ Green,true,true,-0.06,-0.06,-0.43,-0.43,,artifact_or_null
1642269,Devin Carter,true,true,-0.39,-0.39,-0.43,-0.43,,artifact_or_null
1630256,Jae'Sean Tate,true,true,-0.42,-0.42,-0.44,-0.44,,artifact_or_null
1641998,Trey Jemison III,true,true,-0.47,-0.47,-0.44,-0.44,,artifact_or_null
1641730,Noah Clowney,true,true,-0.34,-0.34,-0.44,-0.44,,artifact_or_null
1641780,Johni Broome,true,true,-1.1,-1.1,-0.45,-0.45,,artifact_or_null
1628467,Maxi Kleber,true,true,-0.36,-0.36,-0.45,-0.45,,artifact_or_null
1627826,Ivica Zubac,true,true,-0.14,-0.14,-0.46,-0.46,,artifact_or_null
1630526,Jeremiah Robinson-Earl,true,true,-0.78,-0.78,-0.47,-0.47,,artifact_or_null
1629111,Jock Landale,true,true,-0.29,-0.29,-0.47,-0.47,,artifact_or_null
1631451,Javonte Cooke,true,true,-0.82,-0.82,-0.47,-0.47,,artifact_or_null
1630621,Hunter Dickinson,true,true,-1.04,-1.04,-0.47,-0.47,,artifact_or_null
1630228,Jonathan Kuminga,true,true,-0.88,-0.88,-0.48,-0.48,,artifact_or_null
1628365,Markelle Fultz,true,true,-0.93,-0.93,-0.48,-0.48,,artifact_or_null
1641816,Hunter Tyson,true,true,-0.62,-0.62,-0.49,-0.49,,artifact_or_null
1642258,Zaccharie Risacher,true,true,-0.46,-0.46,-0.5,-0.5,,artifact_or_null
1631174,Tyler Burton,true,true,-0.36,-0.36,-0.5,-0.5,,artifact_or_null
1630703,Scoot Henderson,true,true,-1.41,-1.41,-0.5,-0.5,,artifact_or_null
1630545,Terrence Shannon Jr.,true,true,-1.41,-1.41,-0.51,-0.51,,artifact_or_null
1630536,Sharife Cooper,true,true,-1.11,-1.11,-0.51,-0.51,,artifact_or_null
1642484,RayJ Dennis,true,true,-0.76,-0.76,-0.51,-0.51,,artifact_or_null
1641989,Elijah Harkless,true,true,0.15,0.15,-0.52,-0.52,,artifact_or_null
1628401,Derrick White,true,true,-0.56,-0.56,-0.53,-0.53,,artifact_or_null
1630702,Jaden Hardy,true,true,-0.56,-0.56,-0.53,-0.53,,artifact_or_null
1631351,Lucas Williamson,true,true,-0.48,-0.48,-0.53,-0.53,,artifact_or_null
1642502,Malevy Leons,true,true,-1.06,-1.06,-0.53,-0.53,,artifact_or_null
1629234,Drew Eubanks,true,true,-0.76,-0.76,-0.54,-0.54,,artifact_or_null
1627759,Jaylen Brown,true,true,-0.26,-0.26,-0.55,-0.55,,artifact_or_null
1630587,Isaiah Livers,true,true,-0.56,-0.56,-0.55,-0.55,,artifact_or_null
203992,Bogdan Bogdanović,true,true,-0.75,-0.75,-0.56,-0.56,,artifact_or_null
1631113,Kennedy Chandler,true,true,-0.4,-0.4,-0.56,-0.56,,artifact_or_null
1630214,Xavier Tillman,true,true,-0.65,-0.65,-0.56,-0.56,,artifact_or_null
203903,Jordan Clarkson,true,true,-0.55,-0.55,-0.57,-0.57,,artifact_or_null
1641796,Pelle Larsson,true,true,-0.03,-0.03,-0.59,-0.59,,artifact_or_null
1629006,Josh Okogie,true,true,-0.62,-0.62,-0.61,-0.61,,artifact_or_null
1642878,Tyrese Proctor,true,true,-0.86,-0.86,-0.61,-0.61,,artifact_or_null
1642404,Chaz Lanier,true,true,-0.35,-0.35,-0.62,-0.62,,artifact_or_null
1643158,Andersson Garcia,true,true,-1.4,-1.4,-0.63,-0.63,,artifact_or_null
1628502,Nigel Hayes-Davis,true,true,-1.84,-1.84,-0.63,-0.63,,artifact_or_null
1641790,PJ Hall,true,true,-1.2,-1.2,-0.63,-0.63,,artifact_or_null
203484,Kentavious Caldwell-Pope,true,true,-0.14,-0.14,-0.63,-0.63,,artifact_or_null
201143,Al Horford,true,true,-0.28,-0.28,-0.64,-0.64,,artifact_or_null
1642353,Cam Christie,true,true,-0.2,-0.2,-0.65,-0.65,,artifact_or_null
201145,Jeff Green,true,true,-0.24,-0.24,-0.66,-0.66,,artifact_or_null
1642964,Brooks Barnhizer,true,true,-0.33,-0.33,-0.67,-0.67,,artifact_or_null
1628371,Jonathan Isaac,true,true,-0.5,-0.5,-0.67,-0.67,,artifact_or_null
1630811,Keaton Wallace,true,true,-0.27,-0.27,-0.68,-0.68,,artifact_or_null
1642272,Jared McCain,true,true,-0.51,-0.51,-0.7,-0.7,,artifact_or_null
203482,Kelly Olynyk,true,true,-0.56,-0.56,-0.72,-0.72,,artifact_or_null
1643253,Toby Okani,true,true,-0.67,-0.67,-0.72,-0.72,,artifact_or_null
1642869,Noah Penda,true,true,-0.33,-0.33,-0.73,-0.73,,artifact_or_null
203078,Bradley Beal,true,true,-1.38,-1.38,-0.73,-0.73,,artifact_or_null
203500,Steven Adams,true,true,0.1,0.1,-0.73,-0.73,,artifact_or_null
1629162,Jordan McLaughlin,true,true,-0.73,-0.73,-0.73,-0.73,,artifact_or_null
1627734,Domantas Sabonis,true,true,-0.46,-0.46,-0.74,-0.74,,artifact_or_null
1630224,Jalen Green,true,true,0.25,0.25,-0.75,-0.75,,artifact_or_null
1642877,Micah Peavy,true,true,-0.54,-0.54,-0.76,-0.76,,artifact_or_null
1642874,Danny Wolf,true,true,-0.6,-0.6,-0.76,-0.76,,artifact_or_null
1641748,Andre Jackson Jr.,true,true,-0.34,-0.34,-0.76,-0.76,,artifact_or_null
1642260,Nikola Topić,true,true,-0.63,-0.63,-0.77,-0.77,,artifact_or_null
1641724,Jett Howard,true,true,-0.77,-0.77,-0.78,-0.78,,artifact_or_null
1629652,Luguentz Dort,true,true,-0.27,-0.27,-0.79,-0.79,,artifact_or_null
1628370,Malik Monk,true,true,-0.07,-0.07,-0.79,-0.79,,artifact_or_null
1630590,Scotty Pippen Jr.,true,true,-1.33,-1.33,-0.8,-0.8,,artifact_or_null
1629636,Darius Garland,true,true,-0.53,-0.53,-0.8,-0.8,,artifact_or_null
1642259,Alex Sarr,true,true,-0.31,-0.31,-0.81,-0.81,,artifact_or_null
1631132,Christian Koloko,true,true,-0.7,-0.7,-0.81,-0.81,,artifact_or_null
1642278,Tyler Kolek,true,true,-0.74,-0.74,-0.81,-0.81,,artifact_or_null
202687,Bismack Biyombo,true,true,-1.03,-1.03,-0.82,-0.82,,artifact_or_null
201572,Brook Lopez,true,true,-0.48,-0.48,-0.82,-0.82,,artifact_or_null
1630574,Ariel Hukporti,true,true,-0.8,-0.8,-0.83,-0.83,,artifact_or_null
1630165,Killian Hayes,true,true,-0.15,-0.15,-0.83,-0.83,,artifact_or_null
1642860,Will Riley,true,true,0.22,0.22,-0.84,-0.84,,artifact_or_null
1630322,Lindy Waters III,true,true,-0.78,-0.78,-0.84,-0.84,,artifact_or_null
1631104,Blake Wesley,true,true,-0.78,-0.78,-0.85,-0.85,,artifact_or_null
200768,Kyle Lowry,true,true,-0.61,-0.61,-0.86,-0.86,,artifact_or_null
203083,Andre Drummond,true,true,-0.21,-0.21,-0.86,-0.86,,artifact_or_null
1642883,Sion James,true,true,-0.38,-0.38,-0.87,-0.87,,artifact_or_null
1642358,AJ Johnson,true,true,-0.81,-0.81,-0.88,-0.88,,artifact_or_null
1627739,Kris Dunn,true,true,-0.25,-0.25,-0.89,-0.89,,artifact_or_null
1641731,Bilal Coulibaly,true,true,-0.47,-0.47,-0.9,-0.9,,artifact_or_null
1642354,KJ Simpson,true,true,-1.09,-1.09,-0.9,-0.9,,artifact_or_null
1631222,Jake LaRavia,true,true,-0.28,-0.28,-0.9,-0.9,,artifact_or_null
1631200,Kris Murray,true,true,-0.23,-0.23,-0.92,-0.92,,artifact_or_null
1630192,Zeke Nnaji,true,true,-0.43,-0.43,-0.93,-0.93,,artifact_or_null
1630174,Aaron Nesmith,true,true,-0.28,-0.28,-0.93,-0.93,,artifact_or_null
1631212,Peyton Watson,true,true,-0.37,-0.37,-0.93,-0.93,,artifact_or_null
1642355,Bronny James,true,true,-0.91,-0.91,-0.93,-0.93,,artifact_or_null
203935,Marcus Smart,true,true,-0.96,-0.96,-0.94,-0.94,,artifact_or_null
1629656,Quentin Grimes,true,true,-0.21,-0.21,-0.95,-0.95,,artifact_or_null
1630570,Trendon Watford,true,true,-0.82,-0.82,-0.95,-0.95,,artifact_or_null
1641738,Kobe Brown,true,true,-0.48,-0.48,-0.95,-0.95,,artifact_or_null
1641723,Kobe Bufkin,true,true,-1.15,-1.15,-0.96,-0.96,,artifact_or_null
201567,Kevin Love,true,true,-1,-1,-0.98,-0.98,,artifact_or_null
1642450,Daniss Jenkins,true,true,-0.23,-0.23,-0.99,-0.99,,artifact_or_null
1627827,Dorian Finney-Smith,true,true,-0.88,-0.88,-1.02,-1.02,,artifact_or_null
203994,Jusuf Nurkić,true,true,-0.39,-0.39,-1.04,-1.04,,artifact_or_null
101108,Chris Paul,true,true,-1.98,-1.98,-1.05,-1.05,,artifact_or_null
1630171,Isaac Okoro,true,true,-0.27,-0.27,-1.09,-1.09,,artifact_or_null
1641737,Adem Bona,true,true,-0.31,-0.31,-1.1,-1.1,,artifact_or_null
1630552,Jalen Johnson,true,true,-0.33,-0.33,-1.14,-1.14,,artifact_or_null
1642274,Yves Missi,true,true,-0.51,-0.51,-1.14,-1.14,,artifact_or_null
1630579,Jericho Sims,true,true,-0.19,-0.19,-1.15,-1.15,,artifact_or_null
1629618,Jalen Pickett,true,true,-0.69,-0.69,-1.15,-1.15,,artifact_or_null
201587,Nicolas Batum,true,true,-0.55,-0.55,-1.15,-1.15,,artifact_or_null
1631099,Keegan Murray,true,true,-0.74,-0.74,-1.2,-1.2,,artifact_or_null
1631213,Tyrese Martin,true,true,-0.8,-0.8,-1.2,-1.2,,artifact_or_null
1627824,Guerschon Yabusele,true,true,-0.76,-0.76,-1.21,-1.21,,artifact_or_null
1629631,De'Andre Hunter,true,true,-0.88,-0.88,-1.23,-1.23,,artifact_or_null
1630598,Aaron Wiggins,true,true,-0.43,-0.43,-1.3,-1.3,,artifact_or_null
1642856,Egor Dëmin,true,true,-0.51,-0.51,-1.3,-1.3,,artifact_or_null
1629018,Gary Trent Jr.,true,true,-0.47,-0.47,-1.31,-1.31,,artifact_or_null
1631126,Caleb Love,true,true,-0.46,-0.46,-1.33,-1.33,,artifact_or_null
1630610,DeJon Jarreau,true,true,-1.23,-1.23,-1.33,-1.33,,artifact_or_null
1642920,Kobe Sanders,true,true,-1.25,-1.25,-1.36,-1.36,,artifact_or_null
1629611,Terance Mann,true,true,-0.43,-0.43,-1.37,-1.37,,artifact_or_null
1631097,Bennedict Mathurin,true,true,-0.22,-0.22,-1.39,-1.39,,artifact_or_null
1642868,Carter Bryant,true,true,-0.81,-0.81,-1.39,-1.39,,artifact_or_null
1629216,Gabe Vincent,true,true,-0.7,-0.7,-1.39,-1.39,,artifact_or_null
1642905,Yang Hansen,true,true,-2.05,-2.05,-1.43,-1.43,,artifact_or_null
1629020,Jarred Vanderbilt,true,true,-0.47,-0.47,-1.45,-1.45,,artifact_or_null
1630578,Alperen Sengun,true,true,-0.48,-0.48,-1.46,-1.46,,artifact_or_null
1641854,Craig Porter Jr.,true,true,-0.59,-0.59,-1.48,-1.48,,artifact_or_null
1628971,Bruce Brown,true,true,-0.3,-0.3,-1.48,-1.48,,artifact_or_null
1631246,Vince Williams Jr.,true,true,-0.33,-0.33,-1.48,-1.48,,artifact_or_null
1628398,Kyle Kuzma,true,true,-0.43,-0.43,-1.48,-1.48,,artifact_or_null
1626145,Tyus Jones,true,true,-0.61,-0.61,-1.49,-1.49,,artifact_or_null
1630558,Davion Mitchell,true,true,-0.62,-0.62,-1.49,-1.49,,artifact_or_null
1642880,Kam Jones,true,true,-0.82,-0.82,-1.49,-1.49,,artifact_or_null
1642273,Kyshawn George,true,true,-0.82,-0.82,-1.52,-1.52,,artifact_or_null
1629673,Jordan Poole,true,true,-0.66,-0.66,-1.52,-1.52,,artifact_or_null
1631094,Paolo Banchero,true,true,-0.38,-0.38,-1.52,-1.52,,artifact_or_null
1630175,Cole Anthony,true,true,-1.33,-1.33,-1.54,-1.54,,artifact_or_null
1630529,Herbert Jones,true,true,-0.89,-0.89,-1.58,-1.58,,artifact_or_null
201144,Mike Conley,true,true,-0.72,-0.72,-1.62,-1.62,,artifact_or_null
1629630,Ja Morant,true,true,-0.77,-0.77,-1.64,-1.64,,artifact_or_null
1641722,Jordan Hawkins,true,true,-1.54,-1.54,-1.65,-1.65,,artifact_or_null
1630208,Nick Richards,true,true,-1.6,-1.6,-1.69,-1.69,,artifact_or_null
1631321,Sidy Cissoko,true,true,-0.59,-0.59,-1.72,-1.72,,artifact_or_null
1630560,Cam Thomas,true,true,-0.34,-0.34,-1.74,-1.74,,artifact_or_null
1641712,Rayan Rupert,true,true,-0.75,-0.75,-1.76,-1.76,,artifact_or_null
1627747,Caris LeVert,true,true,-0.29,-0.29,-1.83,-1.83,,artifact_or_null
1626156,D'Angelo Russell,true,true,-1.2,-1.2,-1.92,-1.92,,artifact_or_null
1631170,Jaime Jaquez Jr.,true,true,-0.65,-0.65,-1.94,-1.94,,artifact_or_null
1628366,Lonzo Ball,true,true,-1.48,-1.48,-1.98,-1.98,,artifact_or_null
1642347,Jamal Shead,true,true,-0.5,-0.5,-1.99,-1.99,,artifact_or_null
1642264,Stephon Castle,true,true,-0.66,-0.66,-2.03,-2.03,,artifact_or_null
1629614,Andrew Nembhard,true,true,-0.54,-0.54,-2.07,-2.07,,artifact_or_null
1630311,Pat Spencer,true,true,-0.69,-0.69,-2.13,-2.13,,artifact_or_null
1642942,Jahmai Mashack,true,true,-0.71,-0.71,-2.15,-2.15,,artifact_or_null
1642962,Drake Powell,true,true,-0.72,-0.72,-2.17,-2.17,,artifact_or_null
1630544,Tre Mann,true,true,-1.18,-1.18,-2.24,-2.24,,artifact_or_null
1642848,Tre Johnson,true,true,-0.25,-0.25,-2.3,-2.3,,artifact_or_null
1642847,Jeremiah Fears,true,true,-0.51,-0.51,-2.39,-2.39,,artifact_or_null
1641716,Jarace Walker,true,true,-0.56,-0.56,-2.44,-2.44,,artifact_or_null
1630172,Patrick Williams,true,true,-0.83,-0.83,-2.46,-2.46,,artifact_or_null
1642879,Ben Saraf,true,true,-1.72,-1.72,-2.59,-2.59,,artifact_or_null
1642846,Ace Bailey,true,true,-0.91,-0.91,-2.63,-2.63,,artifact_or_null
1642363,Nique Clifford,true,true,-0.5,-0.5,-2.65,-2.65,,artifact_or_null
203114,Khris Middleton,true,true,-1,-1,-2.83,-2.83,,artifact_or_null
1631107,Nikola Jović,true,true,-0.97,-0.97,-2.97,-2.97,,artifact_or_null
1642268,Isaiah Collier,true,true,-0.89,-0.89,-3.03,-3.03,,artifact_or_null
1630581,Josh Giddey,true,true,-0.45,-0.45,-3.07,-3.07,,artifact_or_null
1642265,Rob Dillingham,true,true,-1.18,-1.18,-3.21,-3.21,,artifact_or_null
1642383,Walter Clayton Jr.,true,true,-0.66,-0.66,-3.22,-3.22,,artifact_or_null
1642262,Cody Williams,true,true,-0.81,-0.81,-3.25,-3.25,,artifact_or_null
1631172,Ousmane Dieng,true,true,-0.88,-0.88,-3.28,-3.28,,artifact_or_null
203471,Dennis Schröder,true,true,-0.73,-0.73,-3.3,-3.3,,artifact_or_null
1642948,Ryan Nembhard,true,true,-1.52,-1.52,-3.42,-3.42,,artifact_or_null
1642852,Derik Queen,true,true,-1.09,-1.09,-3.83,-3.83,,artifact_or_null
1642849,Nolan Traore,true,true,-1.24,-1.24,-4.32,-4.32,,artifact_or_null
201566,Russell Westbrook,true,true,-1.72,-1.72,-5.12,-5.12,,artifact_or_null
203110,Draymond Green,true,true,-1.31,-1.31,-5.22,-5.22,,artifact_or_null
1642267,Bub Carrington,true,true,-1.16,-1.16,-5.67,-5.67,,artifact_or_null
1641732,Colby Jones,false,false,0,,0,,,stats_nba_league_dash_only
1642468,Darius Brown II,false,false,0,,0,,,stats_nba_league_dash_only
1643257,Jayson Kent,false,false,0,,0,,,stats_nba_league_dash_only
1642855,Noa Essengue,false,false,0,,0,,,stats_nba_league_dash_only
1630649,Stanley Umude,false,false,0,,0,,,stats_nba_league_dash_only
1641787,Tosan Evbuomwan,false,false,0,,0,,,stats_nba_league_dash_only
1642280,Trentyn Flowers,false,false,0,,0,,,stats_nba_league_dash_only
